Date,close,ret,rf,state,lam,p_bear,raw_state
2023-01-03,11.220000267028809,0.025594213654960507,0.00016884921089051262,1.0,50.0,0.4553551423716662,1.0
2023-01-04,11.5,0.024955412326860715,0.0001746031783875965,1.0,50.0,0.39294395840622326,1.0
2023-01-05,11.619999885559082,0.01043477265731152,0.00017849206924438476,1.0,50.0,0.3769123820306027,1.0
2023-01-06,11.239999771118164,-0.032702247692202535,0.00017829365200466577,1.0,50.0,0.49663513554506905,1.0
2023-01-09,12.100000381469728,0.07651251137579074,0.00017789681752522789,1.0,50.0,0.32160557918108645,1.0
2023-01-10,11.979999542236328,-0.0099174244173722,0.0001811507959214468,1.0,50.0,0.3266703843390722,1.0
2023-01-11,11.739999771118164,-0.020033370641795778,0.00018075396144200885,1.0,50.0,0.36634651118415623,1.0
2023-01-12,11.779999732971191,0.0034071518426628256,0.00017757936129494318,1.0,50.0,0.3711349792344359,1.0
2023-01-13,11.960000038146973,0.015280162076063197,0.00017809523476494682,1.0,50.0,0.35110957934885073,1.0
2023-01-16,11.880000114440918,-0.0066889568102751484,0.00017809523476494682,1.0,50.0,0.37359406066410644,1.0
2023-01-17,11.720000267028809,-0.013468000494176735,0.00017829365200466577,1.0,50.0,0.43448003244700034,1.0
2023-01-18,11.899999618530272,0.015358306092180252,0.00017976191308763294,1.0,50.0,0.3919793588728932,1.0
2023-01-19,11.579999923706056,-0.026890731519513933,0.00017956349584791396,1.0,50.0,0.5157062699266126,1.0
2023-01-20,11.859999656677246,0.024179597134365016,0.0001800793693179176,1.0,50.0,0.42093312013984924,1.0
2023-01-26,13.34000015258789,0.12478925284600617,0.00018027778655763655,1.0,50.0,0.31941475846651385,1.0
2023-01-27,13.460000038146973,0.008995493567202306,0.00018047618487524608,1.0,50.0,0.30968992406627055,1.0
2023-01-30,12.699999809265137,-0.056463612684095055,0.00017996031140524242,1.0,50.0,0.28053114635675863,1.0
2023-01-31,12.920000076293944,0.01732285593172289,0.00018134921316116578,1.0,50.0,0.2724390870674948,1.0
2023-02-01,13.5,0.04489163469667923,0.000179365078608195,1.0,50.0,0.28181559461458616,1.0
2023-02-02,13.68000030517578,0.013333355938946578,0.0001789682630508665,1.0,50.0,0.2736721722183915,1.0
2023-02-03,13.479999542236328,-0.014619938485219364,0.0001794841175987607,1.0,50.0,0.25809888095480377,1.0
2023-02-06,12.81999969482422,-0.04896141467543502,0.0001798809520781986,1.0,50.0,0.29264076427904256,1.0
2023-02-07,12.84000015258789,0.0015600981466281638,0.00018134921316116578,1.0,50.0,0.2980781718375955,1.0
2023-02-08,12.460000038146973,-0.029595024137466952,0.0001819444459582132,1.0,50.0,0.40656091262708577,1.0
2023-02-09,13.520000457763672,0.08507226455629624,0.00018305555222526427,1.0,50.0,0.2490795363659443,1.0
2023-02-10,13.079999923706056,-0.03254441709763045,0.00018392858051118397,1.0,50.0,0.2614163563955458,1.0
2023-02-13,13.140000343322754,0.004587188070846571,0.00018432539606851245,1.0,50.0,0.25890111971467256,1.0
2023-02-14,13.020000457763672,-0.0091324111433575,0.0001849206288655599,1.0,50.0,0.2883936671182431,1.0
2023-02-15,13.039999961853027,0.0015360601679110797,0.00018424603674146864,1.0,50.0,0.2940106953473166,1.0
2023-02-16,13.140000343322754,0.007668740932688989,0.00018511904610527886,1.0,50.0,0.2879880527548269,1.0
2023-02-17,12.699999809265137,-0.03348558010359637,0.00018571427890232633,1.0,50.0,0.412862149168104,1.0
2023-02-20,12.84000015258789,0.01102364924609045,0.00018571427890232633,1.0,50.0,0.3758243683704964,1.0
2023-02-21,12.5600004196167,-0.021806832526770514,0.00018603175405472046,1.0,50.0,0.4762454122941171,1.0
2023-02-22,12.239999771118164,-0.025477757787232713,0.0001863095306214832,1.0,50.0,0.5761996333594189,1.0
2023-02-23,12.140000343322754,-0.008169888044554652,0.00018611111338176424,1.0,50.0,0.6017533394096807,1.0
2023-02-24,12.0,-0.01153215316009093,0.00018662698685176788,1.0,50.0,0.6302758429491337,1.0
2023-02-27,11.859999656677246,-0.011666695276896122,0.00018511904610527886,1.0,50.0,0.6690865125072368,1.0
2023-02-28,11.859999656677246,0.0,0.00018690476341853067,1.0,50.0,0.6707037320529301,1.0
2023-03-01,12.600000381469728,0.06239466662849846,0.0001874999962155781,1.0,50.0,0.41833081702428193,1.0
2023-03-02,12.520000457763672,-0.006349200101907093,0.0001874206368885343,1.0,50.0,0.45732455655046256,1.0
2023-03-03,12.619999885559082,0.007987174452010581,0.00018722221964881535,1.0,50.0,0.43493604865780494,1.0
2023-03-06,12.5,-0.009508707341304823,0.0001876190541282533,1.0,50.0,0.4896044829814083,1.0
2023-03-07,12.520000457763672,0.0016000366210937589,0.00019226189643617659,1.0,50.0,0.4927526309164951,1.0
2023-03-08,12.0,-0.04153358136989671,0.0001937698371826656,1.0,50.0,0.6743330844235605,1.0
2023-03-09,11.800000190734863,-0.016666650772094727,0.00019238095434885176,1.0,50.0,0.7107184161863999,1.0
2023-03-10,11.359999656677246,-0.03728818024961533,0.00019059523703559997,1.0,50.0,0.747693488329426,1.0
2023-03-13,11.539999961853027,0.01584509776547227,0.0001848412695385161,1.0,50.0,0.7465582105087626,1.0
2023-03-14,11.0,-0.04679375768094174,0.00018571427890232633,1.0,50.0,0.7515069883038807,1.0
2023-03-15,10.920000076293944,-0.0072727203369141735,0.00018087301935468402,1.0,50.0,0.7550542762758222,1.0
2023-03-16,10.899999618530272,-0.001831543738455732,0.00017976191308763294,1.0,50.0,0.7730668628771343,1.0
2023-03-17,11.34000015258789,0.040367022885909654,0.00017035715163700164,1.0,50.0,0.7744080186379663,1.0
2023-03-20,11.020000457763672,-0.02821866759421443,0.0001771825457376147,1.0,50.0,0.8043271889919138,1.0
2023-03-21,11.199999809265137,0.01633387876809511,0.00018273809599497962,1.0,50.0,0.8146915671611858,1.0
2023-03-22,11.399999618530272,0.017857126131349155,0.00018107143659440298,1.0,50.0,0.7643512364447935,1.0
2023-03-23,12.220000267028809,0.07192988385417642,0.0001786904675619943,1.0,50.0,0.41981497691123226,1.0
2023-03-24,12.4399995803833,0.01800321673871652,0.0001786904675619943,1.0,50.0,0.3791866582736726,1.0
2023-03-27,12.0,-0.035369742381433755,0.00018186508663116938,1.0,50.0,0.5270464885765949,1.0
2023-03-28,12.140000343322754,0.011666695276896233,0.00018365078502231174,1.0,50.0,0.4821907325992472,1.0
2023-03-29,12.100000381469728,-0.0032948896805449213,0.000183730163271465,1.0,50.0,0.5163183222088386,1.0
2023-03-30,12.140000343322754,0.003305781867104951,0.00018511904610527886,1.0,50.0,0.5136557745641174,1.0
2023-03-31,12.100000381469728,-0.0032948896805449213,0.0001819444459582132,1.0,50.0,0.5491791109293573,1.0
2023-04-03,12.15999984741211,0.0049586333926290305,0.00018134921316116578,1.0,50.0,0.5345427669391806,1.0
2023-04-04,11.979999542236328,-0.014802656861388819,0.0001876190541282533,1.0,50.0,0.6311367646799686,1.0
2023-04-06,12.079999923706056,0.008347277570184275,0.00018690476341853067,1.0,50.0,0.5887752275591202,1.0
2023-04-11,12.279999732971191,0.016556275705983392,0.00019365079819209992,1.0,50.0,0.5096732176687535,1.0
2023-04-12,12.140000343322754,-0.011400602010808392,0.0001928571481553335,1.0,50.0,0.5862971340465892,1.0
2023-04-13,12.18000030517578,0.0032948896805449213,0.00019265873091561453,1.0,50.0,0.5716849210406492,1.0
2023-04-14,12.220000267028809,0.003284069035370374,0.00019456348721943206,1.0,50.0,0.570211118868043,1.0
2023-04-17,12.65999984741211,0.03600651151951917,0.00019535713725619844,1.0,50.0,0.41983505980073754,1.0
2023-04-18,12.4399995803833,-0.01737758844237114,0.00019960318292890276,1.0,50.0,0.5014807498101719,1.0
2023-04-19,11.899999618530272,-0.043408358526358604,0.00019821428117297945,1.0,50.0,0.730117212567808,1.0
2023-04-20,11.960000038146973,0.005042052230259664,0.00019623016554211814,1.0,50.0,0.7054011549073367,1.0
2023-04-21,11.539999961853027,-0.03511706312327223,0.00019642856385972766,1.0,50.0,0.8069015224701082,1.0
2023-04-24,11.380000114440918,-0.013864804847574463,0.00019337302162533715,1.0,50.0,0.8243633615325496,1.0
2023-04-25,10.9399995803833,-0.03866436991501154,0.0001965476217724028,1.0,50.0,0.8146959633479908,1.0
2023-04-26,11.039999961853027,0.009140803044365597,0.00019781746561565097,1.0,50.0,0.8420161962212898,1.0
2023-04-27,11.0600004196167,0.0018116356732591488,0.0001984126984126984,1.0,50.0,0.8516595523257793,1.0
2023-04-28,11.0600004196167,0.0,0.00019535713725619844,1.0,50.0,0.8624624888332049,1.0
2023-05-02,11.020000457763672,-0.0036166329417204324,0.00019999999848623124,1.0,50.0,0.8672772473956676,1.0
2023-05-03,10.84000015258789,-0.01633396530841069,0.00020218253135681152,1.0,50.0,0.8665198070459073,1.0
2023-05-04,10.9399995803833,0.00922503933466623,0.0002005952312832787,1.0,50.0,0.8758091304920304,1.0
2023-05-05,11.15999984741211,0.020109714393709455,0.00020158729855976408,1.0,50.0,0.8594472269252239,1.0
2023-05-08,11.520000457763672,0.03225811964818637,0.00020170635647243925,1.0,50.0,0.7246503115189469,1.0
2023-05-09,11.31999969482422,-0.01736117664862291,0.00020329365654597208,1.0,50.0,0.8162111042203712,1.0
2023-05-10,11.300000190734863,-0.0017667406915656825,0.00020099206576271663,1.0,50.0,0.8203325906346558,1.0
2023-05-11,11.220000267028809,-0.007079639146523986,0.00019900793120974586,1.0,50.0,0.8417911052659999,1.0
2023-05-12,11.020000457763672,-0.01782529451918624,0.00019952380467974954,1.0,50.0,0.8741778362417297,1.0
2023-05-15,11.119999885559082,0.009074357862205007,0.0001984126984126984,1.0,50.0,0.853598022344972,1.0
2023-05-16,11.220000267028809,0.008992840152776571,0.00020071428919595384,1.0,50.0,0.8211400986719168,1.0
2023-05-17,10.84000015258789,-0.03386810208530833,0.00020190475479004875,1.0,50.0,0.8819146954485584,1.0
2023-05-18,10.979999542236328,0.012915072663999494,0.00020337301587301587,1.0,50.0,0.8637538870511994,1.0
2023-05-19,10.859999656677246,-0.010928951781599139,0.00020178571579948303,1.0,50.0,0.8640408749630981,1.0
2023-05-22,10.960000038146973,0.009208138547982525,0.00020218253135681152,1.0,50.0,0.8448506966775383,1.0
2023-05-23,10.760000228881836,-0.018248157716151847,0.000204484122140067,1.0,50.0,0.8576306314452703,1.0
2023-05-24,10.399999618530272,-0.033457305083066435,0.00020575396598331513,1.0,50.0,0.8407456179445365,1.0
2023-05-25,10.5,0.00961542164785767,0.00020488095661950491,1.0,50.0,0.8468264436662934,1.0
2023-05-29,10.479999542236328,-0.0019048055013021203,0.00020488095661950491,1.0,50.0,0.8418191084061536,1.0
2023-05-30,10.5,0.0019084407096647826,0.00020408730658273848,1.0,50.0,0.8534196133651486,1.0
2023-05-31,10.34000015258789,-0.015238080705915147,0.0002082539740062895,1.0,50.0,0.870506011337089,1.0
2023-06-01,10.260000228881836,-0.007736936414457607,0.00020646825669303775,1.0,50.0,0.8607622659959785,1.0
2023-06-02,10.739999771118164,0.0467835800709957,0.00020694445049951947,1.0,50.0,0.842741238409219,1.0
2023-06-05,10.920000076293944,0.016759805308360853,0.00020408730658273848,1.0,50.0,0.7854233533595885,1.0
2023-06-06,10.859999656677246,-0.005494543882554659,0.00020468253937978596,1.0,50.0,0.8127119965410554,1.0
2023-06-07,11.0600004196167,0.01841627709596505,0.000204484122140067,1.0,50.0,0.7316811313102369,1.0
2023-06-08,10.880000114440918,-0.01627489135140736,0.00020238094859653048,1.0,50.0,0.8175981570925815,1.0
2023-06-09,10.84000015258789,-0.0036764670434089597,0.00020218253135681152,1.0,50.0,0.8304325916794175,1.0
2023-06-12,10.65999984741211,-0.016605193970666954,0.00020218253135681152,1.0,50.0,0.8788669274298196,1.0
2023-06-13,10.9399995803833,0.026266391836690772,0.00020238094859653048,1.0,50.0,0.7861565829377397,1.0
2023-06-14,10.859999656677246,-0.007312607566229201,0.00020158729855976408,1.0,50.0,0.8195534838587081,1.0
2023-06-15,11.0600004196167,0.01841627709596505,0.0002005952312832787,1.0,50.0,0.7319023558260457,1.0
2023-06-16,11.079999923706056,0.0018082733571949117,0.00020099206576271663,1.0,50.0,0.7240244860988749,1.0
2023-06-19,10.920000076293944,-0.014440419540959315,0.00020099206576271663,1.0,50.0,0.7929915754576471,1.0
2023-06-20,10.600000381469728,-0.029304001152792747,0.00020138888132004512,1.0,50.0,0.8869225648241679,1.0
2023-06-21,10.279999732971191,-0.03018873933796662,0.0002037698503524538,1.0,50.0,0.895541031030754,1.0
2023-06-23,9.989999771118164,-0.028210113753496135,0.0002038888893430195,1.0,50.0,0.8702658710162355,1.0
2023-06-26,10.420000076293944,0.04304307457733314,0.00020456350038922024,1.0,50.0,0.9115078023728429,1.0
2023-06-27,10.600000381469728,0.017274501329927583,0.00020555554874359614,1.0,50.0,0.8728373763274176,1.0
2023-06-28,10.84000015258789,0.0226414870265208,0.00020515873318626766,1.0,50.0,0.7732149480193575,1.0
2023-06-29,10.859999656677246,0.001844972675999479,0.00020535715042598664,1.0,50.0,0.7634561347535957,1.0
2023-06-30,10.720000267028809,-0.012891288588794625,0.000204484122140067,1.0,50.0,0.8325240366528194,1.0
2023-07-03,10.979999542236328,0.02425366312790045,0.0002041666659097823,1.0,50.0,0.7148929326792349,1.0
2023-07-04,11.119999885559082,0.012750487172993097,0.0002041666659097823,1.0,50.0,0.655282169380887,1.0
2023-07-05,11.119999885559082,0.0,0.0002060714222135998,1.0,50.0,0.6668322653968997,1.0
2023-07-06,11.140000343322754,0.0017986023353870895,0.0002068650722503662,1.0,50.0,0.6703123753490974,1.0
2023-07-07,10.800000190734863,-0.030520659076252565,0.0002068650722503662,1.0,50.0,0.8275813555588583,1.0
2023-07-10,10.65999984741211,-0.012962994523172067,0.00020734126605684796,1.0,50.0,0.8568178492903925,1.0
2023-07-11,10.880000114440918,0.020637924031698507,0.00020805555676657055,1.0,50.0,0.7899627974944028,1.0
2023-07-12,11.100000381469728,0.020220612565693408,0.00020753968329656692,1.0,50.0,0.6964160040427649,1.0
2023-07-13,11.539999961853027,0.03963960047405335,0.00020726190672980415,1.0,50.0,0.5154587271199986,1.0
2023-07-14,11.479999542236328,-0.005199343138218238,0.00020694445049951947,1.0,50.0,0.5538806001017921,1.0
2023-07-18,11.199999809265137,-0.0243902216146471,0.0002082539740062895,1.0,50.0,0.6928350471792172,1.0
2023-07-19,11.15999984741211,-0.003571425226269853,0.00020813491609361436,1.0,50.0,0.7090733987211265,1.0
2023-07-20,11.0600004196167,-0.008960522326404763,0.00020805555676657055,1.0,50.0,0.7528782733747943,1.0
2023-07-21,11.279999732971191,0.01989143806579685,0.0002082539740062895,1.0,50.0,0.6606764230345455,1.0
2023-07-24,11.020000457763672,-0.023049581681065745,0.00020833333333333332,1.0,50.0,0.7657719138859426,1.0
2023-07-25,11.479999542236328,0.04174220193871081,0.0002089285661303808,1.0,50.0,0.5698122384503976,1.0
2023-07-26,11.399999618530272,-0.006968634747042235,0.00020904762404305594,1.0,50.0,0.6142700043514757,1.0
2023-07-27,12.039999961853027,0.056140382871808114,0.00020904762404305594,1.0,50.0,0.4219302397989228,1.0
2023-07-28,12.18000030517578,0.011627935528764288,0.0002085317505730523,1.0,50.0,0.411240551800871,1.0
2023-07-31,12.279999732971191,0.008210133439234601,0.0002082539740062895,1.0,50.0,0.4006757221679907,1.0
2023-08-01,12.15999984741211,-0.009771977863882841,0.00020873016781277126,1.0,50.0,0.42839092944950274,1.0
2023-08-02,11.960000038146973,-0.016447352942006832,0.00020873016781277126,1.0,50.0,0.4940967461118654,1.0
2023-08-03,12.0600004196167,0.008361235882171414,0.00020865078956361802,1.0,50.0,0.47624917350268337,1.0
2023-08-04,12.220000267028809,0.013266985227617045,0.00020845237232389904,1.0,50.0,0.44727740869740634,1.0
2023-08-07,12.31999969482422,0.00818325905157491,0.00020873016781277126,1.0,50.0,0.4373192089604423,1.0
2023-08-08,12.0600004196167,-0.021103837796095926,0.00020932540060981873,1.0,50.0,0.5211924078138577,1.0
2023-08-09,12.140000343322754,0.006633492613808523,0.0002095238178495377,1.0,50.0,0.5065398278676608,1.0
2023-08-10,12.079999923706056,-0.004942373799000643,0.00020904762404305594,1.0,50.0,0.5372661123420346,1.0
2023-08-11,11.859999656677246,-0.018211942749856935,0.0002089285661303808,1.0,50.0,0.6226119544793723,1.0
2023-08-14,11.779999732971191,-0.006745356325623009,0.00020912698337009975,1.0,50.0,0.6495626983675089,1.0
2023-08-15,11.859999656677246,0.00679116515445588,0.0002095238178495377,1.0,50.0,0.6209589853998626,1.0
2023-08-16,11.779999732971191,-0.006745356325623009,0.0002097222161671472,1.0,50.0,0.6503718962546299,1.0
2023-08-17,11.960000038146973,0.015280162076063197,0.00020944443960038448,1.0,50.0,0.5887767205333524,1.0
2023-08-18,11.739999771118164,-0.018394671097584192,0.00020944443960038448,1.0,50.0,0.6700640728788122,1.0
2023-08-21,11.31999969482422,-0.0357751349644142,0.0002095238178495377,1.0,50.0,0.7761209081765496,1.0
2023-08-22,11.479999542236328,0.014134262519924112,0.00021011905064658514,1.0,50.0,0.7470821218221534,1.0
2023-08-23,11.739999771118164,0.02264810446422616,0.00021011905064658514,1.0,50.0,0.6602327489921732,1.0
2023-08-24,12.140000343322754,0.034071599659536655,0.0002104365068768698,1.0,50.0,0.5104891872606679,1.0
2023-08-25,12.100000381469728,-0.0032948896805449213,0.00021091270068335157,1.0,50.0,0.5385661204983121,1.0
2023-08-28,12.199999809265137,0.008264415259734204,0.00021123015691363621,1.0,50.0,0.5171582340251875,1.0
2023-08-29,12.380000114440918,0.01475412360573003,0.00021111111792307052,1.0,50.0,0.4750557818455499,1.0
2023-08-30,12.460000038146973,0.006462029318783147,0.00021091270068335157,1.0,50.0,0.46422618782143643,1.0
2023-08-31,12.359999656677246,-0.008025712773962246,0.00021023808963715085,1.0,50.0,0.5014792338762519,1.0
2023-09-04,12.420000076293944,0.004854403016450126,0.00021023808963715085,1.0,50.0,0.49254328580056306,1.0
2023-09-05,11.600000381469728,-0.06602251930652958,0.00020944443960038448,1.0,50.0,0.7417659682578497,1.0
2023-09-06,11.760000228881836,0.013793089840556938,0.0002103174678863041,1.0,50.0,0.7074804402415324,1.0
2023-09-07,11.899999618530272,0.011904709772420308,0.00020964285684010338,1.0,50.0,0.6569623126895715,1.0
2023-09-11,11.699999809265137,-0.016806707199696236,0.00021003969131954133,1.0,50.0,0.7223622370150781,1.0
2023-09-12,11.880000114440918,0.015384641718817926,0.00021051586620391362,1.0,50.0,0.6536210325072163,1.0
2023-09-13,11.920000076293944,0.0033670001235439617,0.00021051586620391362,1.0,50.0,0.6363228004637566,1.0
2023-09-14,12.239999771118164,0.02684561181007239,0.00021011905064658514,1.0,50.0,0.5176947911344737,1.0
2023-09-15,12.220000267028809,-0.001633946443083012,0.00021023808963715085,1.0,50.0,0.5403185000318111,1.0
2023-09-18,11.920000076293944,-0.024549933238897315,0.0002103174678863041,1.0,50.0,0.6704790170109246,1.0
2023-09-19,11.9399995803833,0.0016778107350126081,0.00021071428344363258,1.0,50.0,0.6632661565920768,1.0
2023-09-20,11.800000190734863,-0.011725242426176341,0.00021091270068335157,1.0,50.0,0.7119417341166365,1.0
2023-09-21,11.68000030517578,-0.010169481662661739,0.00021051586620391362,1.0,50.0,0.7438984171657087,1.0
2023-09-22,12.0600004196167,0.03253425552330924,0.00021051586620391362,1.0,50.0,0.6030331301754207,1.0
2023-09-25,11.84000015258789,-0.018242144226708112,0.00021083334135630776,1.0,50.0,0.6977007990605765,1.0
2023-09-26,11.65999984741211,-0.01520272828175917,0.00021130951624068002,1.0,50.0,0.7551519688871362,1.0
2023-09-27,11.84000015258789,0.015437419170784228,0.00021150793348039898,1.0,50.0,0.6957096464211056,1.0
2023-09-28,11.720000267028809,-0.010135125338900708,0.00021063492411658877,1.0,50.0,0.7338413711814792,1.0
2023-09-29,12.34000015258789,0.05290101292090332,0.0002103174678863041,1.0,50.0,0.493870778602987,1.0
2023-10-03,11.979999542236328,-0.029173468873585406,0.00021190476795983693,1.0,50.0,0.6419267797206298,1.0
2023-10-04,11.859999656677246,-0.010016685320897833,0.00021170635072011797,1.0,50.0,0.6929067684339757,1.0
2023-10-05,11.68000030517578,-0.01517701152715678,0.00021130951624068002,1.0,50.0,0.750370799043907,1.0
2023-10-06,11.880000114440918,0.017123270893795395,0.0002122222241901216,1.0,50.0,0.6843477346343835,1.0
2023-10-09,11.9399995803833,0.0050504600475087535,0.0002122222241901216,1.0,50.0,0.6635609249453864,1.0
2023-10-10,12.279999732971191,0.028475725673097196,0.00021123015691363621,1.0,50.0,0.5363077976982924,1.0
2023-10-11,12.300000190734863,0.0016287018077021376,0.00021170635072011797,1.0,50.0,0.5416675317641875,1.0
2023-10-12,12.65999984741211,0.029268264316647752,0.00021170635072011797,1.0,50.0,0.4452287737193456,1.0
2023-10-13,12.600000381469728,-0.004739294365366464,0.00021142857415335517,1.0,50.0,0.47136987306173445,1.0
2023-10-16,12.539999961853027,-0.004761937920648052,0.00021142857415335517,1.0,50.0,0.5017841403080683,1.0
2023-10-17,13.039999961853027,0.0398724084147537,0.00021190476795983693,1.0,50.0,0.39176820444399946,1.0
2023-10-18,13.18000030517578,0.010736222678857876,0.00021150793348039898,1.0,50.0,0.3831880494735167,1.0
2023-10-19,13.579999923706056,0.030348984011267177,0.00021071428344363258,1.0,50.0,0.35269654852330273,1.0
2023-10-20,13.300000190734863,-0.020618537153480276,0.0002103174678863041,1.0,50.0,0.3634149828932751,1.0
2023-10-24,12.960000038146973,-0.025563920880598445,0.00021063492411658877,1.0,50.0,0.43427871253623634,1.0
2023-10-25,13.199999809265137,0.018518500803375026,0.00021091270068335157,1.0,50.0,0.3839000923039998,1.0
2023-10-26,13.359999656677246,0.012121200736670001,0.0002103174678863041,1.0,50.0,0.36788265311165524,1.0
2023-10-27,13.520000457763672,0.011976108173510136,0.00021051586620391362,1.0,50.0,0.35366679427207365,1.0
2023-10-30,14.31999969482422,0.059171539199257994,0.00021083334135630776,1.0,50.0,0.3057660895812428,1.0
2023-10-31,14.020000457763672,-0.02094966783895813,0.00021111111792307052,1.0,50.0,0.2980484515279647,1.0
2023-11-01,14.220000267028809,0.014265321165120692,0.0002103174678863041,1.0,50.0,0.29550335544861145,1.0
2023-11-02,15.079999923706056,0.060478174439369425,0.00020912698337009975,1.0,50.0,0.297538185084519,1.0
2023-11-03,15.239999771118164,0.010610069510715636,0.00020845237232389904,1.0,50.0,0.29486877517229604,1.0
2023-11-06,15.539999961853027,0.019685052181129592,0.00020873016781277126,1.0,50.0,0.2954578892562236,1.0
2023-11-07,15.81999969482422,0.01801800087892702,0.00020924602236066547,1.0,50.0,0.29870142675580397,1.0
2023-11-08,16.139999389648438,0.020227541150263706,0.00020904762404305594,1.0,50.0,0.3009854748380634,1.0
2023-11-09,16.520000457763672,0.023544057155228337,0.00020884920680333698,1.0,50.0,0.3029864727423995,1.0
2023-11-10,16.040000915527344,-0.02905566155785122,0.00020833333333333332,1.0,50.0,0.2540853352531053,1.0
2023-11-13,16.219999313354492,0.011221844610551202,0.00020873016781277126,1.0,50.0,0.2563105182942893,1.0
2023-11-14,15.859999656677246,-0.022194800981332086,0.00020845237232389904,1.0,50.0,0.2326645463305532,1.0
2023-11-15,16.799999237060547,0.059268575077651375,0.0002085317505730523,1.0,50.0,0.25896897025768995,1.0
2023-11-16,15.699999809265137,-0.0654761593898664,0.00020805555676657055,1.0,50.0,0.18369788875783266,1.0
2023-11-17,15.9399995803833,0.015286609811073548,0.00020765872228713263,1.0,50.0,0.18417400632681818,1.0
2023-11-20,16.18000030517578,0.015056507597894786,0.00020785713952685162,1.0,50.0,0.19450317067434458,1.0
2023-11-21,15.380000114440918,-0.049443768581324044,0.0002085317505730523,1.0,50.0,0.21607211356922285,1.0
2023-11-22,15.119999885559082,-0.016905086277451353,0.0002089285661303808,1.0,50.0,0.26518294344721466,1.0
2023-11-23,15.4399995803833,0.021164001140624666,0.0002089285661303808,1.0,50.0,0.20694160893503685,1.0
2023-11-24,15.0,-0.028497382923657888,0.00020845237232389904,1.0,50.0,0.3008217131492686,1.0
2023-11-27,15.140000343322754,0.009333356221516986,0.00020865078956361802,1.0,50.0,0.26756197541117316,1.0
2023-11-28,15.520000457763672,0.025099082286911045,0.00020873016781277126,1.0,50.0,0.19584936260779157,1.0
2023-11-29,15.479999542236328,-0.0025773785017727535,0.00020793649885389538,1.0,50.0,0.19966906216133282,1.0
2023-11-30,15.619999885559082,0.009043950094492548,0.00020785713952685162,1.0,50.0,0.19075795056429826,1.0
2023-12-01,15.15999984741211,-0.02944942647357185,0.00020694445049951947,1.0,50.0,0.27443641252522394,1.0
2023-12-04,15.220000267028809,0.003957811360198793,0.00020726190672980415,1.0,50.0,0.2621876744686505,1.0
2023-12-05,14.779999732971191,-0.028909364411168426,0.00020805555676657055,1.0,50.0,0.4077752868063104,1.0
2023-12-06,14.880000114440918,0.006765925796780925,0.00020805555676657055,1.0,50.0,0.37184039395788077,1.0
2023-12-07,14.68000030517578,-0.013440847293478164,0.00020765872228713263,1.0,50.0,0.44602433796257357,1.0
2023-12-08,14.619999885559082,-0.00408722195976674,0.00020765872228713263,1.0,50.0,0.4629416917318827,1.0
2023-12-11,14.5600004196167,-0.004103930671138234,0.00020765872228713263,1.0,50.0,0.4827938303201494,1.0
2023-12-12,15.15999984741211,0.04120875072139629,0.0002082539740062895,1.0,50.0,0.2692940467149876,1.0
2023-12-13,15.539999961853027,0.02506597086185236,0.00020726190672980415,1.0,50.0,0.2250797390770912,1.0
2023-12-14,15.960000038146973,0.02702703200289225,0.00020694445049951947,1.0,50.0,0.19945191259300737,1.0
2023-12-15,15.979999542236328,0.0012531017569896719,0.00020734126605684796,1.0,50.0,0.19564858898782042,1.0
2023-12-18,15.899999618530272,-0.0050062531913477315,0.00020734126605684796,1.0,50.0,0.20001698956459657,1.0
2023-12-19,16.139999389648438,0.01509432558969781,0.00020785713952685162,1.0,50.0,0.20408097626685437,1.0
2023-12-20,16.1200008392334,-0.0012390676066484918,0.00020753968329656692,1.0,50.0,0.2111598715696357,1.0
2023-12-21,15.960000038146973,-0.009925607491099497,0.0002067460332598005,1.0,50.0,0.2446999505584037,1.0
2023-12-22,15.68000030517578,-0.01754384287606192,0.00020666667393275668,1.0,50.0,0.2918818363641872,1.0
2023-12-27,16.31999969482422,0.04081628681073313,0.0002077381005362859,1.0,50.0,0.21228530000083384,1.0
2023-12-28,16.280000686645508,-0.002450919664624518,0.0002070634894900852,1.0,50.0,0.2130786019034744,1.0
2023-12-29,15.600000381469728,-0.04176905875277903,0.00020555554874359614,1.0,50.0,0.3078868250411833,1.0
2024-01-02,15.479999542236328,-0.007692361301217754,0.0002068650722503662,1.0,150.0,,0.0
2024-01-03,14.979999542236328,-0.03229974255721246,0.0002077381005362859,1.0,150.0,,0.0
2024-01-04,15.079999923706056,0.00667559309249488,0.0002074603239695231,0.0,150.0,,0.0
2024-01-05,14.9399995803833,-0.009283842442377788,0.00020714284881712897,0.0,150.0,,0.0
2024-01-08,14.359999656677246,-0.03882195046829939,0.00020714284881712897,0.0,150.0,,0.0
2024-01-09,14.34000015258789,-0.0013927231592972822,0.00020753968329656692,0.0,150.0,,0.0
2024-01-10,14.100000381469728,-0.016736385534476428,0.00020734126605684796,0.0,150.0,,0.0
2024-01-11,14.479999542236328,0.02695029436070051,0.0002070634894900852,0.0,150.0,,0.0
2024-01-12,14.300000190734863,-0.012430894833693196,0.0002062698394533188,0.0,150.0,,0.0
2024-01-15,14.239999771118164,-0.004195833483664813,0.0002062698394533188,0.0,150.0,,0.0
2024-01-16,13.81999969482422,-0.02949438785426073,0.00020646825669303775,0.0,150.0,,0.0
2024-01-17,13.140000343322754,-0.049204006260299415,0.00020694445049951947,0.0,150.0,,0.0
2024-01-18,13.31999969482422,0.013698580426060314,0.00020634919878036254,0.0,150.0,,0.0
2024-01-19,13.18000030517578,-0.01051046492912766,0.0002062698394533188,0.0,150.0,,0.0
2024-01-22,12.979999542236328,-0.015174564363318765,0.00020634919878036254,0.0,150.0,,0.0
2024-01-23,13.220000267028809,0.018490041082939168,0.0002067460332598005,0.0,150.0,,0.0
2024-01-24,13.699999809265137,0.03630858793804004,0.0002067460332598005,0.0,150.0,,0.0
2024-01-25,13.739999771118164,0.002919705285395313,0.00020615080046275307,0.0,150.0,,0.0
2024-01-26,13.199999809265137,-0.03930130792200748,0.00020634919878036254,0.0,150.0,,0.0
2024-01-29,13.300000190734863,0.0075757865844463534,0.00020634919878036254,0.0,150.0,,0.0
2024-01-30,12.899999618530272,-0.030075230561518507,0.00020646825669303775,0.0,150.0,,0.0
2024-01-31,12.31999969482422,-0.04496123572537991,0.00020587302389599027,0.0,150.0,,0.0
2024-02-01,12.380000114440918,0.004870164050564396,0.00020634919878036254,0.0,150.0,,0.0
2024-02-02,12.199999809265137,-0.014539604483994828,0.0002067460332598005,0.0,150.0,,0.0
2024-02-05,12.119999885559082,-0.006557370898096271,0.0002074603239695231,0.0,150.0,,0.0
2024-02-06,12.899999618530272,0.06435641421915816,0.00020726190672980415,0.0,150.0,,0.0
2024-02-07,12.699999809265137,-0.015503861641813055,0.00020726190672980415,0.0,150.0,,0.0
2024-02-08,12.619999885559082,-0.006299206685632552,0.0002070634894900852,0.0,150.0,,0.0
2024-02-09,12.460000038146973,-0.012678276455073134,0.00020714284881712897,0.0,150.0,,0.0
2024-02-14,12.5600004196167,0.008025712773962246,0.0002070634894900852,0.0,150.0,,0.0
2024-02-15,12.720000267028809,0.012738840928875783,0.0002070634894900852,0.0,150.0,,0.0
2024-02-16,13.420000076293944,0.05503143039073577,0.00020726190672980415,0.0,150.0,,0.0
2024-02-19,12.920000076293944,-0.03725782393125587,0.00020726190672980415,0.0,150.0,,0.0
2024-02-20,12.979999542236328,0.004643921485145697,0.0002068650722503662,0.0,150.0,,0.0
2024-02-21,13.359999656677246,0.029275818786003382,0.0002077381005362859,0.0,150.0,,0.0
2024-02-22,13.399999618530272,0.002994009197675007,0.00020765872228713263,0.0,150.0,,0.0
2024-02-23,13.220000267028809,-0.013432787807885482,0.00020793649885389538,0.0,150.0,,0.0
2024-02-26,13.100000381469728,-0.009077146984509898,0.00020833333333333332,0.0,150.0,,0.0
2024-02-27,13.479999542236328,0.02900756867947263,0.00020813491609361436,0.0,150.0,,0.0
2024-02-28,13.079999923706056,-0.02967356321318626,0.00020793649885389538,0.0,150.0,,0.0
2024-02-29,13.220000267028809,0.010703390224721332,0.00020726190672980415,0.0,150.0,,0.0
2024-03-01,13.31999969482422,0.007564253084382688,0.00020694445049951947,0.0,150.0,,0.0
2024-03-04,13.34000015258789,0.0015015359025452035,0.00020726190672980415,0.0,150.0,,0.0
2024-03-05,12.760000228881836,-0.043478254653058435,0.00020734126605684796,0.0,150.0,,0.0
2024-03-06,13.039999961853027,0.021943552347077677,0.00020753968329656692,0.0,150.0,,0.0
2024-03-07,12.800000190734863,-0.018404890477013436,0.0002074603239695231,0.0,150.0,,0.0
2024-03-08,13.079999923706056,0.02187497881241196,0.0002074603239695231,0.0,150.0,,0.0
2024-03-11,13.399999618530272,0.02446480861549949,0.00020793649885389538,0.0,150.0,,0.0
2024-03-12,14.920000076293944,0.11343287321155815,0.00020793649885389538,0.0,150.0,,0.0
2024-03-13,14.920000076293944,0.0,0.00020785713952685162,0.0,150.0,,0.0
2024-03-14,14.760000228881836,-0.010723850307905014,0.00020785713952685162,0.0,150.0,,0.0
2024-03-15,14.539999961853027,-0.014905166911740264,0.00020785713952685162,0.0,150.0,,0.0
2024-03-18,14.9399995803833,0.027510290204931787,0.00020785713952685162,0.0,150.0,,0.0
2024-03-19,14.859999656677246,-0.005354747386412062,0.00020785713952685162,0.0,150.0,,0.0
2024-03-20,14.5,-0.02422608781928759,0.0002074603239695231,0.0,150.0,,0.0
2024-03-21,14.760000228881836,0.0179310502677128,0.0002074603239695231,0.0,150.0,,0.0
2024-03-22,14.800000190734863,0.0027100244737636725,0.00020714284881712897,0.0,150.0,,0.0
2024-03-25,14.81999969482422,0.0013513178264603631,0.0002070634894900852,0.0,150.0,,0.0
2024-03-26,15.300000190734863,0.0323886980968211,0.0002070634894900852,0.0,150.0,,0.0
2024-03-27,14.760000228881836,-0.0352941147138045,0.00020694445049951947,0.0,150.0,,0.0
2024-03-28,14.9399995803833,0.012195077825896572,0.00020646825669303775,0.0,150.0,,0.0
2024-04-02,16.280000686645508,0.08969217830646214,0.0002068650722503662,0.0,150.0,,0.0
2024-04-03,15.5600004196167,-0.04422605876297203,0.0002067460332598005,0.0,150.0,,0.0
2024-04-05,15.539999961853027,-0.0012853764282972913,0.00020694445049951947,0.0,150.0,,0.0
2024-04-08,15.5,-0.0025740001255609712,0.00020726190672980415,0.0,150.0,,0.0
2024-04-09,15.979999542236328,0.03096771240234375,0.00020714284881712897,0.0,150.0,,0.0
2024-04-10,16.0,0.0012515931374597056,0.00020805555676657055,0.0,150.0,,0.0
2024-04-11,16.079999923706055,0.004999995231628418,0.00020785713952685162,0.0,150.0,,0.0
2024-04-12,16.5,0.02611940785365041,0.00020753968329656692,0.0,150.0,,0.0
2024-04-15,16.520000457763672,0.0012121489553740261,0.00020785713952685162,0.0,150.0,,0.0
2024-04-16,15.920000076293944,-0.03631963467578203,0.00020765872228713263,0.0,150.0,,0.0
2024-04-17,16.280000686645508,0.022613103556929692,0.00020793649885389538,0.0,150.0,,0.0
2024-04-18,16.3799991607666,0.00614241215623057,0.00020805555676657055,0.0,150.0,,0.0
2024-04-19,15.800000190734863,-0.0354089743435978,0.00020813491609361436,0.0,150.0,,0.0
2024-04-22,15.81999969482422,0.001265791382780268,0.00020813491609361436,0.0,150.0,,0.0
2024-04-23,16.18000030517578,0.02275604407687437,0.00020813491609361436,0.0,150.0,,0.0
2024-04-24,16.65999984741211,0.029666225783863798,0.0002085317505730523,0.0,150.0,,0.0
2024-04-25,16.600000381469727,-0.003601408552936003,0.00020813491609361436,0.0,150.0,,0.0
2024-04-26,17.360000610351562,0.045783145266081515,0.00020785713952685162,0.0,150.0,,0.0
2024-04-29,17.420000076293945,0.0034561903129546323,0.00020805555676657055,0.0,150.0,,0.0
2024-04-30,17.31999969482422,-0.005740550001823053,0.00020813491609361436,0.0,150.0,,0.0
2024-05-02,17.639999389648438,0.01847573328305807,0.00020785713952685162,0.0,150.0,,0.0
2024-05-03,18.18000030517578,0.030612297857800952,0.0002077381005362859,0.0,150.0,,0.0
2024-05-06,18.100000381469727,-0.004400435773550537,0.00020793649885389538,0.0,150.0,,0.0
2024-05-07,17.940000534057617,-0.008839770388950563,0.00020805555676657055,0.0,150.0,,0.0
2024-05-08,19.100000381469727,0.0646599672731305,0.00020813491609361436,0.0,150.0,,0.0
2024-05-09,19.15999984741211,0.0031413332326732935,0.00020793649885389538,0.0,150.0,,0.0
2024-05-10,19.39999961853028,0.012526084187343356,0.00020805555676657055,0.0,150.0,,0.0
2024-05-13,19.36000061035156,-0.002061804585836935,0.00020793649885389538,0.0,150.0,,0.0
2024-05-14,19.979999542236328,0.03202473720756305,0.0002077381005362859,0.0,150.0,,0.0
2024-05-16,19.81999969482422,-0.008008000554448502,0.00020805555676657055,0.0,150.0,,0.0
2024-05-17,19.940000534057617,0.006054532849702143,0.00020793649885389538,0.0,150.0,,0.0
2024-05-20,19.8799991607666,-0.0030090958718147487,0.00020793649885389538,0.0,150.0,,0.0
2024-05-21,19.299999237060547,-0.029175047695710665,0.00020793649885389538,0.0,150.0,,0.0
2024-05-22,19.440000534057617,0.007253953499036125,0.00020813491609361436,0.0,150.0,,0.0
2024-05-23,18.940000534057617,-0.025720163902466564,0.00020813491609361436,0.0,150.0,,0.0
2024-05-24,18.299999237060547,-0.03379098621703991,0.00020813491609361436,0.0,150.0,,0.0
2024-05-27,18.440000534057617,0.007650344417148736,0.00020813491609361436,0.0,150.0,,0.0
2024-05-28,18.13999938964844,-0.016269042067276085,0.0002082539740062895,0.0,150.0,,0.0
2024-05-29,17.780000686645508,-0.01984557415191346,0.00020833333333333332,0.0,150.0,,0.0
2024-05-30,17.700000762939453,-0.004499433105542128,0.0002082539740062895,0.0,150.0,,0.0
2024-05-31,17.479999542236328,-0.01242944696159376,0.00020813491609361436,0.0,150.0,,0.0
2024-06-03,17.899999618530273,0.024027464948103372,0.00020805555676657055,0.0,150.0,,0.0
2024-06-04,17.780000686645508,-0.006703851086149792,0.00020793649885389538,0.0,150.0,,0.0
2024-06-05,17.700000762939453,-0.004499433105542128,0.00020793649885389538,0.0,150.0,,0.0
2024-06-06,17.959999084472656,0.014689170074929647,0.00020765872228713263,0.0,150.0,,0.0
2024-06-07,17.6200008392334,-0.018930860944932015,0.00020785713952685162,0.0,150.0,,0.0
2024-06-11,17.31999969482422,-0.017026170835428456,0.00020813491609361436,0.0,150.0,,0.0
2024-06-12,17.139999389648438,-0.010392627502734397,0.00020805555676657055,0.0,150.0,,0.0
2024-06-13,17.559999465942383,0.024504089337809454,0.00020793649885389538,0.0,150.0,,0.0
2024-06-14,17.299999237060547,-0.01480639161670283,0.00020793649885389538,0.0,150.0,,0.0
2024-06-17,17.31999969482422,0.0011560958754741613,0.00020805555676657055,0.0,150.0,,0.0
2024-06-18,17.3799991607666,0.0034641724595592116,0.0002077381005362859,0.0,150.0,,0.0
2024-06-19,18.479999542236328,0.06329116424544212,0.0002077381005362859,0.0,150.0,,0.0
2024-06-20,18.520000457763672,0.0021645517596426966,0.00020734126605684796,0.0,150.0,,0.0
2024-06-21,18.18000030517578,-0.018358539102808713,0.00020694445049951947,0.0,150.0,,0.0
2024-06-24,18.020000457763672,-0.008800871547100964,0.0002067460332598005,0.0,150.0,,0.0
2024-06-25,17.780000686645508,-0.013318521921277915,0.00020726190672980415,0.0,150.0,,0.0
2024-06-26,17.81999969482422,0.00224966291529749,0.00020753968329656692,0.0,150.0,,0.0
2024-06-27,16.540000915527344,-0.07182933789099044,0.00020726190672980415,0.0,150.0,,0.0
2024-06-28,16.479999542236328,-0.003627652356094413,0.0002068650722503662,0.0,150.0,,0.0
2024-07-02,16.65999984741211,0.010922348918424474,0.0002074603239695231,0.0,150.0,,0.0
2024-07-03,16.899999618530273,0.014405748698457899,0.00020753968329656692,0.0,150.0,,0.0
2024-07-04,16.84000015258789,-0.0035502643370829423,0.00020753968329656692,0.0,150.0,,0.0
2024-07-05,16.6200008392334,-0.013064092123578952,0.00020734126605684796,0.0,150.0,,0.0
2024-07-08,16.459999084472656,-0.009627060570480794,0.0002070634894900852,0.0,150.0,,0.0
2024-07-09,16.399999618530273,-0.0036451682429911036,0.00020734126605684796,0.0,150.0,,0.0
2024-07-10,16.1200008392334,-0.017073096695716106,0.00020734126605684796,0.0,150.0,,0.0
2024-07-11,16.68000030517578,0.03473941915557699,0.0002062698394533188,0.0,150.0,,0.0
2024-07-12,16.84000015258789,0.00959231681563355,0.0002062698394533188,0.0,150.0,,0.0
2024-07-15,16.459999084472656,-0.022565383887887758,0.0002060714222135998,0.0,150.0,,0.0
2024-07-16,16.34000015258789,-0.007290336485982207,0.0002060714222135998,0.0,150.0,,0.0
2024-07-17,16.780000686645508,0.02692781701032798,0.00020615080046275307,0.0,150.0,,0.0
2024-07-18,16.84000015258789,0.0035756533663395818,0.0002060714222135998,0.0,150.0,,0.0
2024-07-19,16.520000457763672,-0.019002357002653736,0.0002060714222135998,0.0,150.0,,0.0
2024-07-22,17.219999313354492,0.04237281090763245,0.00020595238322303409,0.0,150.0,,0.0
2024-07-23,16.959999084472656,-0.015098736309484106,0.00020527777217683337,0.0,150.0,,0.0
2024-07-24,16.540000915527344,-0.024764044317067913,0.00020515873318626766,0.0,150.0,,0.0
2024-07-25,16.200000762939453,-0.02055623541524154,0.0002047618987068297,0.0,150.0,,0.0
2024-07-26,16.360000610351562,0.009876533325735348,0.00020456350038922024,0.0,150.0,,0.0
2024-07-29,16.81999969482422,0.028117302402886013,0.0002042460252368261,0.0,150.0,,0.0
2024-07-30,16.31999969482422,-0.029726516591665475,0.0002037698503524538,0.0,150.0,,0.0
2024-07-31,16.84000015258789,0.03186277374310165,0.0002037698503524538,0.0,150.0,,0.0
2024-08-01,16.68000030517578,-0.009501178501326923,0.00020297618139357795,0.0,150.0,,0.0
2024-08-02,16.079999923706055,-0.03597124523334372,0.00019960318292890276,0.0,150.0,,0.0
2024-08-05,15.859999656677246,-0.01368160871098456,0.00020079364852299765,0.0,150.0,,0.0
2024-08-06,15.81999969482422,-0.0025220657452023065,0.00020158729855976408,0.0,150.0,,0.0
2024-08-07,15.899999618530272,0.005056885287565649,0.00020158729855976408,0.0,150.0,,0.0
2024-08-08,15.84000015258789,-0.003773551407665221,0.00020170635647243925,0.0,150.0,,0.0
2024-08-09,16.399999618530273,0.03535350129721371,0.00020138888132004512,0.0,150.0,,0.0
2024-08-12,16.459999084472656,0.0036585041059751244,0.0002013095219930013,0.0,150.0,,0.0
2024-08-13,16.899999618530273,0.026731504163489683,0.00020051587195623488,0.0,150.0,,0.0
2024-08-14,16.860000610351562,-0.002366805271099115,0.00020091270643567282,0.0,150.0,,0.0
2024-08-15,17.219999313354492,0.021352235466818525,0.00020158729855976408,0.0,150.0,,0.0
2024-08-16,17.31999969482422,0.005807223313428089,0.00020138888132004512,0.0,150.0,,0.0
2024-08-19,17.6200008392334,0.017321082545909583,0.00020091270643567282,0.0,150.0,,0.0
2024-08-20,17.68000030517578,0.0034051908674592735,0.00019972222191946848,0.0,150.0,,0.0
2024-08-21,17.520000457763672,-0.009049764968910634,0.0001986111156524174,0.0,150.0,,0.0
2024-08-22,19.100000381469727,0.09018264169085155,0.0001994047656891838,0.0,150.0,,0.0
2024-08-23,18.81999969482422,-0.0146597215211135,0.0001984126984126984,0.0,150.0,,0.0
2024-08-26,18.71999931335449,-0.005313516636093918,0.0001983333390856546,0.0,150.0,,0.0
2024-08-27,18.8799991607666,0.00854700070944836,0.00019714285456945026,0.0,150.0,,0.0
2024-08-28,18.959999084472656,0.004237284282951448,0.00019662698109944662,0.0,150.0,,0.0
2024-08-29,18.8799991607666,-0.0042194054625018795,0.00019702381557888457,0.0,150.0,,0.0
2024-08-30,19.5,0.032839028961494154,0.00019714285456945026,0.0,150.0,,0.0
2024-09-02,19.059999465942383,-0.022564129951672673,0.00019714285456945026,0.0,150.0,,0.0
2024-09-03,19.18000030517578,0.006295951867565597,0.00019722221389649407,0.0,150.0,,0.0
2024-09-04,18.65999984741211,-0.027111597992172554,0.00019634920453268385,0.0,150.0,,0.0
2024-09-05,18.540000915527344,-0.0064308109788868695,0.00019571429207211448,0.0,150.0,,0.0
2024-09-09,18.6200008392334,0.004314990278077913,0.00019424603098914736,0.0,150.0,,0.0
2024-09-10,18.65999984741211,0.002148174348866272,0.00019186508087884813,0.0,150.0,,0.0
2024-09-11,18.959999084472656,0.01607712966311481,0.00019345238095238096,0.0,150.0,,0.0
2024-09-12,18.920000076293945,-0.0021096524319702548,0.00019206349811856709,0.0,150.0,,0.0
2024-09-13,19.21999931335449,0.015856196398034372,0.00018900793696206714,0.0,150.0,,0.0
2024-09-16,19.239999771118164,0.0010406065805517173,0.00018829364625234452,0.0,150.0,,0.0
2024-09-17,19.520000457763672,0.014553050414575663,0.00018789683069501603,0.0,150.0,,0.0
2024-09-19,19.799999237060547,0.014344199422675397,0.00018226190218849787,0.0,150.0,,0.0
2024-09-20,19.8799991607666,0.004040400342860462,0.00018035714588468036,0.0,150.0,,0.0
2024-09-23,20.549999237060547,0.03370221854013944,0.0001786904675619943,0.0,150.0,,0.0
2024-09-24,21.200000762939453,0.03163024574262141,0.00017837301133170959,0.0,150.0,,0.0
2024-09-25,20.549999237060547,-0.030660448230511395,0.00017805555510142494,0.0,150.0,,0.0
2024-09-26,21.5,0.04622874930458343,0.00017730158472818041,0.0,150.0,,0.0
2024-09-27,21.950000762939453,0.020930268043695577,0.00017785713786170598,0.0,150.0,,0.0
2024-09-30,22.5,0.02505691197920923,0.00017849206924438476,0.0,150.0,,0.0
2024-10-02,24.0,0.06666666666666665,0.00017750000196789937,0.0,150.0,,0.0
2024-10-03,24.049999237060547,0.002083301544189453,0.0001771825457376147,0.0,150.0,,0.0
2024-10-04,24.549999237060547,0.020790021449543783,0.00017876984581114753,0.0,150.0,,0.0
2024-10-07,25.850000381469727,0.05295320508388057,0.00017956349584791396,0.0,150.0,,0.0
2024-10-08,23.700000762939453,-0.08317213101750964,0.0001796825348384797,0.0,150.0,,0.0
2024-10-09,23.299999237060547,-0.01687770097055874,0.00017996031140524242,0.0,150.0,,0.0
2024-10-10,23.75,0.019313338097612043,0.00017976191308763294,0.0,150.0,,0.0
2024-10-14,23.600000381469727,-0.006315773411801007,0.0001792857192811512,0.0,150.0,,0.0
2024-10-15,23.0,-0.02542374456658214,0.00017916666136847602,0.0,150.0,,0.0
2024-10-16,22.700000762939453,-0.01304344508958899,0.0001786904675619943,0.0,150.0,,0.0
2024-10-17,23.100000381469727,0.01762112797737525,0.00017916666136847602,0.0,150.0,,0.0
2024-10-18,24.549999237060547,0.06277051219245755,0.0001790873020414322,0.0,150.0,,0.0
2024-10-21,24.25,-0.012219928569597305,0.0001792857192811512,0.0,150.0,,0.0
2024-10-22,24.450000762939453,0.008247454141833144,0.00017857142857142857,0.0,150.0,,0.0
2024-10-23,25.549999237060547,0.04498971123912754,0.00017876984581114753,0.0,150.0,,0.0
2024-10-24,25.25,-0.011741653464529045,0.00017805555510142494,0.0,150.0,,0.0
2024-10-25,25.950000762939453,0.027722802492651688,0.0001789682630508665,0.0,150.0,,0.0
2024-10-28,25.5,-0.017341069352958316,0.00017785713786170598,0.0,150.0,,0.0
2024-10-29,25.850000381469727,0.0137255051556755,0.00017777777853466217,0.0,150.0,,0.0
2024-10-30,26.0,0.005802693087687549,0.00017710316748846146,0.0,150.0,,0.0
2024-10-31,26.700000762939453,0.026923106266901975,0.00017587302223084464,0.0,150.0,,0.0
2024-11-01,27.299999237060547,0.022471852321214625,0.0001746031783875965,0.0,150.0,,0.0
2024-11-04,27.299999237060547,0.0,0.0001753174690973191,0.0,150.0,,0.0
2024-11-05,28.200000762939453,0.03296708978134788,0.00017551586741492862,0.0,150.0,,0.0
2024-11-06,27.600000381469727,-0.021276608696346178,0.0001757936439816914,0.0,150.0,,0.0
2024-11-07,27.850000381469727,0.009057970889299272,0.0001753968284243629,0.0,150.0,,0.0
2024-11-08,28.299999237060547,0.016157947914795523,0.00017551586741492862,0.0,150.0,,0.0
2024-11-11,29.299999237060547,0.03533568999855086,0.00017519841118464392,0.0,150.0,,0.0
2024-11-12,28.450000762939453,-0.029010187585464475,0.00017551586741492862,0.0,150.0,,0.0
2024-11-13,28.89999961853028,0.015817182549148434,0.00017420634390815856,0.0,150.0,,0.0
2024-11-14,27.850000381469727,-0.03633215401107859,0.0001739285673413958,0.0,150.0,,0.0
2024-11-15,28.0,0.005385982638265174,0.0001743254018208337,0.0,150.0,,0.0
2024-11-18,28.799999237060547,0.028571401323590928,0.00017472221737816225,0.0,150.0,,0.0
2024-11-19,28.299999237060547,-0.01736111157102349,0.00017492063461788118,0.0,150.0,,0.0
2024-11-20,28.0,-0.01060068004057324,0.00017499999394492496,0.0,150.0,,0.0
2024-11-21,28.14999961853028,0.0053571292332244,0.00017511905185760014,0.0,150.0,,0.0
2024-11-22,28.549999237060547,0.014209578115480959,0.00017519841118464392,0.0,150.0,,0.0
2024-11-25,28.39999961853028,-0.005253927234279976,0.00017480159562731546,0.0,150.0,,0.0
2024-11-26,27.200000762939453,-0.042253481398213055,0.00017440476114787752,0.0,150.0,,0.0
2024-11-27,28.299999237060547,0.040441119237756284,0.00017400794559054903,0.0,150.0,,0.0
2024-11-28,27.850000381469727,-0.015901020060859916,0.00017400794559054903,0.0,150.0,,0.0
2024-11-29,27.75,-0.003590677921005092,0.0001735317517840673,0.0,150.0,,0.0
2024-12-02,28.549999237060547,0.02882880133551513,0.00017380952835083008,0.0,150.0,,0.0
2024-12-03,29.100000381469727,0.019264488935440305,0.0001728968204013885,0.0,150.0,,0.0
2024-12-04,29.100000381469727,0.0,0.00017242062659490677,0.0,150.0,,0.0
2024-12-05,29.450000762939453,0.012027504360192287,0.0001718253937978593,0.0,150.0,,0.0
2024-12-06,29.89999961853028,0.015280096568184742,0.00017043651096404543,0.0,150.0,,0.0
2024-12-09,30.950000762939453,0.03511709557877185,0.00017035715163700164,0.0,150.0,,0.0
2024-12-10,30.950000762939453,0.0,0.00017003967648460754,0.0,150.0,,0.0
2024-12-11,30.450000762939453,-0.01615508845475433,0.00016884921089051262,0.0,150.0,,0.0
2024-12-12,31.600000381469727,0.03776681739627197,0.00016757936704726447,0.0,150.0,,0.0
2024-12-13,31.350000381469727,-0.007911392309558285,0.00016738094980754548,0.0,150.0,,0.0
2024-12-16,30.350000381469727,-0.03189792624663179,0.00016777778428698342,0.0,150.0,,0.0
2024-12-17,29.950000762939453,-0.013179558929247825,0.00016825395917135572,0.0,150.0,,0.0
2024-12-18,30.799999237060547,0.028380582720147762,0.00016793650294107105,0.0,150.0,,0.0
2024-12-19,30.799999237060547,0.0,0.0001674603091345893,0.0,150.0,,0.0
2024-12-20,31.64999961853028,0.02759741566639251,0.0001672619108169798,0.0,150.0,,0.0
2024-12-23,31.75,0.003159569752764657,0.0001672619108169798,0.0,150.0,,0.0
2024-12-24,32.900001525878906,0.03622052050012292,0.0001666666590978229,0.0,150.0,,0.0
2024-12-27,34.150001525878906,0.03799391921051298,0.00016579364973401265,0.0,150.0,,0.0
2024-12-30,34.45000076293945,0.008784750326678914,0.00016595238731020973,0.0,150.0,,0.0
2024-12-31,34.650001525878906,0.005805537257189464,0.00016698413425021702,0.0,150.0,,0.0
2025-01-02,34.0,-0.0187590619698369,0.00016698413425021702,0.0,50.0,0.18170172613669577,0.0
2025-01-03,36.25,0.06617647058823528,0.00016638888253106012,0.0,50.0,0.2488048506346315,0.0
2025-01-06,36.29999923706055,0.001379289298222064,0.0001662698435404944,0.0,50.0,0.2388798343993076,0.0
2025-01-07,34.150001525878906,-0.05922858832973743,0.00016678571701049806,0.0,50.0,0.15244128457461467,0.0
2025-01-08,32.79999923706055,-0.039531544026296106,0.00016686507633754187,0.0,50.0,0.15896812493350573,0.0
2025-01-09,33.75,0.028963438568195166,0.00016686507633754187,0.0,50.0,0.14016306888628283,0.0
2025-01-10,33.54999923706055,-0.005925948531539382,0.00016718253256782652,0.0,50.0,0.13273160499118597,0.0
2025-01-13,32.79999923706055,-0.022354694994196067,0.00016738094980754548,0.0,50.0,0.1500486831738226,0.0
2025-01-14,33.75,0.028963438568195166,0.00016718253256782652,0.0,50.0,0.12460631455961084,0.0
2025-01-15,33.599998474121094,-0.0044444896556713465,0.00016686507633754187,0.0,50.0,0.12262461714857226,0.0
2025-01-16,34.349998474121094,0.022321429585113073,0.00016646826078021336,0.0,50.0,0.12474331016692224,0.0
2025-01-17,34.95000076293945,0.017467316316488235,0.00016638888253106012,0.0,50.0,0.14283369474330712,0.0
2025-01-20,34.70000076293945,-0.007153075666455955,0.00016638888253106012,0.0,50.0,0.1292644554697927,0.0
2025-01-21,35.900001525878906,0.03458215379122076,0.00016654762010725717,0.0,50.0,0.16308241255803707,0.0
2025-01-22,35.29999923706055,-0.016713154967022525,0.0001672619108169798,0.0,50.0,0.1338168872074516,0.0
2025-01-23,34.5,-0.02266286839521081,0.00016718253256782652,0.0,50.0,0.12513904938463385,0.0
2025-01-24,36.84999847412109,0.06811589780061111,0.00016686507633754187,0.0,50.0,0.1744242448356959,0.0
2025-01-27,37.09999847412109,0.006784260796525388,0.0001661904842134506,0.0,50.0,0.17274408625279727,0.0
2025-01-28,38.150001525878906,0.0283019702141023,0.0001662698435404944,0.0,50.0,0.19943881838586824,0.0
2025-02-03,37.95000076293945,-0.005242483746790483,0.0001662698435404944,0.0,50.0,0.17971332466227,0.0
2025-02-04,39.54999923706055,0.042160696757708394,0.00016718253256782652,0.0,50.0,0.2222325156195137,0.0
2025-02-05,39.650001525878906,0.002528502926610665,0.00016706349357726083,0.0,50.0,0.21386715342966944,0.0
2025-02-06,40.54999923706055,0.02269855426346523,0.00016718253256782652,0.0,50.0,0.2314088015805655,0.0
2025-02-07,42.45000076293945,0.04685577217329273,0.00016777778428698342,0.0,50.0,0.26857202054753776,0.0
2025-02-10,43.75,0.030624245316751564,0.00016777778428698342,0.0,50.0,0.28469955806446046,0.0
2025-02-11,42.54999923706055,-0.027428588867187464,0.00016765872637430828,0.0,50.0,0.235572552829159,0.0
2025-02-12,44.09999847412109,0.03642771480264817,0.00016777778428698342,0.0,50.0,0.26249262141223034,0.0
2025-02-13,41.650001525878906,-0.05555548827694168,0.00016718253256782652,0.0,50.0,0.1873742160215161,0.0
2025-02-14,44.70000076293945,0.0732292707160036,0.00016718253256782652,0.0,50.0,0.25626567849836823,0.0
2025-02-17,45.150001525878906,0.01006713099013079,0.00016718253256782652,0.0,50.0,0.2560800990727362,0.0
2025-02-18,48.400001525878906,0.07198227885191044,0.00016718253256782652,0.0,50.0,0.3057119465418322,0.0
2025-02-19,49.45000076293945,0.021694198428880762,0.00016738094980754548,0.0,50.0,0.3100364799291294,0.0
2025-02-20,49.150001525878906,-0.006066718552720118,0.00016686507633754187,0.0,50.0,0.2896540629369844,0.0
2025-02-21,51.70000076293945,0.05188197676286732,0.00016654762010725717,0.0,50.0,0.31524505734469266,0.0
2025-02-24,51.59999847412109,-0.0019342802193932362,0.0001662698435404944,0.0,50.0,0.2997921424903379,0.0
2025-02-25,53.20000076293945,0.031007797211870303,0.00016595238731020973,0.0,50.0,0.31049749617955924,0.0
2025-02-26,56.29999923706055,0.05827064717413766,0.00016638888253106012,0.0,50.0,0.33414932572880696,0.0
2025-02-27,53.09999847412109,-0.056838380218538265,0.00016646826078021336,0.0,50.0,0.2889780308706976,0.0
2025-02-28,51.84999847412109,-0.023540490318642915,0.00016638888253106012,0.0,50.0,0.27476414157507884,0.0
2025-03-03,50.95000076293945,-0.017357719144983852,0.00016638888253106012,0.0,50.0,0.26974625929520113,0.0
2025-03-04,50.54999923706055,-0.00785086398212309,0.00016646826078021336,0.0,50.0,0.26910095080638907,0.0
2025-03-05,54.20000076293945,0.07220576816948632,0.00016686507633754187,0.0,50.0,0.2891224900359894,0.0
2025-03-06,54.900001525878906,0.012915143045866717,0.00016654762010725717,0.0,50.0,0.2838433224601044,0.0
2025-03-07,54.34999847412109,-0.01001827024537616,0.00016654762010725717,0.0,50.0,0.2750260304932711,0.0
2025-03-10,52.84999847412109,-0.02759889681899863,0.00016607142630077544,0.0,50.0,0.2577652867995778,0.0
2025-03-11,53.900001525878906,0.019867607986251423,0.00016646826078021336,0.0,50.0,0.258375502335521,0.0
2025-03-12,52.04999923706055,-0.034322861529607174,0.00016654762010725717,0.0,50.0,0.24526560521720453,0.0
2025-03-13,52.84999847412109,0.01536982226295458,0.0001661904842134506,0.0,50.0,0.23947385925804723,0.0
2025-03-14,53.84999847412109,0.01892147642141695,0.0001661904842134506,0.0,50.0,0.23885079735114642,0.0
2025-03-17,55.79999923706055,0.03621171435829429,0.0001661904842134506,0.0,50.0,0.25527591385400655,0.0
2025-03-18,57.650001525878906,0.03315416333535803,0.00016646826078021336,0.0,50.0,0.2705712811050301,0.0
2025-03-19,58.20000076293945,0.009540316088520129,0.0001662698435404944,0.0,50.0,0.2697542829213817,0.0
2025-03-20,56.5,-0.029209634719145505,0.00016595238731020973,0.0,50.0,0.2431607386019175,0.0
2025-03-21,54.70000076293945,-0.03185839357629283,0.00016607142630077544,0.0,50.0,0.2291770864293416,0.0
2025-03-24,57.0,0.042047517458516204,0.00016595238731020973,0.0,50.0,0.24131339388898362,0.0
2025-03-25,53.400001525878906,-0.06315786796703671,0.00016595238731020973,0.0,50.0,0.27553996124456803,0.0
2025-03-26,53.95000076293945,0.010299610886602695,0.0001662698435404944,0.0,50.0,0.25689084831741715,0.0
2025-03-27,51.70000076293945,-0.04170528207935853,0.0001661904842134506,0.0,50.0,0.2874087749593125,0.0
2025-03-28,51.04999923706055,-0.012572563177694396,0.0001661904842134506,0.0,50.0,0.3009256561484853,0.0
2025-03-31,49.20000076293945,-0.036238952042492056,0.00016638888253106012,0.0,50.0,0.3437144168292685,0.0
2025-04-01,46.5,-0.05487806343639867,0.0001666666590978229,0.0,50.0,0.41607314684409946,0.0
2025-04-02,44.54999923706055,-0.04193550027826776,0.00016678571701049806,0.0,50.0,0.455809755049677,0.0
2025-04-03,45.900001525878906,0.03030308219837874,0.00016607142630077544,0.0,50.0,0.4023980499874493,0.0
2025-04-07,36.45000076293945,-0.20588236271869065,0.00016468254346696157,0.0,50.0,0.5316075108847106,0.0
2025-04-08,38.900001525878906,0.06721538303588992,0.00016579364973401265,0.0,50.0,0.5065837638275331,0.0
2025-04-09,41.900001525878906,0.07712081959699146,0.00016777778428698342,0.0,50.0,0.43296916565901844,0.0
2025-04-10,43.04999923706055,0.027446245090739785,0.00016654762010725717,0.0,50.0,0.39069913033051307,0.0
2025-04-11,44.25,0.027874582676099324,0.00016718253256782652,0.0,50.0,0.34704749682237046,0.0
2025-04-14,43.20000076293945,-0.023728796317752487,0.00016646826078021336,0.0,50.0,0.3775024514759159,0.0
2025-04-15,43.09999847412109,-0.002314867755839445,0.0001666666590978229,0.0,50.0,0.3741524267242374,0.0
2025-04-16,41.25,-0.04292339999111361,0.00016698413425021702,0.0,50.0,0.4326731392305869,0.0
2025-04-17,41.95000076293945,0.016969715465198876,0.00016686507633754187,0.0,50.0,0.397498772849063,0.0
2025-04-22,44.400001525878906,0.05840287767298191,0.00016718253256782652,0.0,50.0,0.3076315272074314,0.0
2025-04-23,47.45000076293945,0.06869367414960181,0.00016698413425021702,0.0,50.0,0.2760801613521285,0.0
2025-04-24,48.20000076293945,0.01580611144237931,0.00016654762010725717,0.0,50.0,0.26984608593099385,0.0
2025-04-25,47.70000076293945,-0.010373443819205241,0.00016638888253106012,0.0,50.0,0.25938198439708404,0.0
2025-04-28,47.5,-0.004192888044874943,0.00016638888253106012,0.0,50.0,0.2502750890411636,0.0
2025-04-29,47.45000076293945,-0.0010526155170641482,0.0001662698435404944,0.0,50.0,0.24486007001994547,0.0
2025-04-30,49.95000076293945,0.052687038141264075,0.0001662698435404944,0.0,50.0,0.2505120840474632,0.0
2025-05-02,53.09999847412109,0.0630630162776451,0.00016698413425021702,0.0,50.0,0.2835467172623979,0.0
2025-05-06,51.54999923706055,-0.029190193627142036,0.00016706349357726083,0.0,50.0,0.2482619493288665,0.0
2025-05-07,50.09999847412109,-0.028128046254111694,0.0001672619108169798,0.0,50.0,0.22989507332188797,0.0
2025-05-08,50.79999923706055,0.013972071542098785,0.0001672619108169798,0.0,50.0,0.22433512016929924,0.0
2025-05-09,51.34999847412109,0.01082675679765166,0.0001672619108169798,0.0,50.0,0.22227708550844127,0.0
2025-05-12,50.59999847412109,-0.014605647951050682,0.000169841278166998,0.0,50.0,0.22332140550630034,0.0
2025-05-13,48.650001525878906,-0.038537490257820606,0.00017003967648460754,0.0,50.0,0.2519721768264466,0.0
2025-05-14,50.400001525878906,0.03597122189336632,0.00017003967648460754,0.0,50.0,0.2226680343934182,0.0
2025-05-15,50.150001525878906,-0.004960317310142015,0.0001689682498810783,0.0,50.0,0.2201381593467354,0.0
2025-05-16,51.0,0.01694912160037454,0.00016813492018079,0.0,50.0,0.21215808112378154,0.0
2025-05-19,52.34999847412109,0.02647055831609979,0.00016825395917135572,0.0,50.0,0.21657097757955662,0.0
2025-05-20,54.79999923706055,0.04680039798187585,0.00016857143432374985,0.0,50.0,0.24426931361506052,0.0
2025-05-21,54.45000076293945,-0.006386833558282179,0.0001680555608537462,0.0,50.0,0.22734806376479774,0.0
2025-05-22,53.20000076293945,-0.022956840816993895,0.00016793650294107105,0.0,50.0,0.20660513224227925,0.0
2025-05-23,53.0,-0.0037594127832941693,0.00016785714361402723,0.0,50.0,0.20124880413280977,0.0
2025-05-26,51.29999923706055,-0.032075486093197214,0.00016785714361402723,0.0,50.0,0.22097646920864916,0.0
2025-05-27,51.54999923706055,0.004873294419454721,0.00016678571701049806,0.0,50.0,0.20996701435062345,0.0
2025-05-28,51.75,0.0038797432764201556,0.00016765872637430828,0.0,50.0,0.19901559945610073,0.0
2025-05-29,51.70000076293945,-0.0009661688320878881,0.00016785714361402723,0.0,50.0,0.20106975682653766,0.0
2025-05-30,50.95000076293945,-0.014506769611841608,0.00016793650294107105,0.0,50.0,0.22625520564783014,0.0
2025-06-02,51.59999847412109,0.01275756038171516,0.00016793650294107105,0.0,50.0,0.2057001134282879,0.0
2025-06-03,53.20000076293945,0.031007797211870303,0.0001680555608537462,0.0,50.0,0.18859115675448748,0.0
2025-06-04,53.45000076293945,0.004699248052908889,0.00016825395917135572,0.0,50.0,0.17996625139855582,0.0
2025-06-05,54.25,0.01496724463314214,0.00016793650294107105,0.0,50.0,0.18973792033249537,0.0
2025-06-06,53.09999847412109,-0.021198184808827847,0.00016793650294107105,0.0,50.0,0.18332371418772722,0.0
2025-06-09,54.150001525878906,0.019774069339560274,0.00016825395917135572,0.0,50.0,0.184947704437066,0.0
2025-06-10,53.45000076293945,-0.012927068203403724,0.00016865079365079366,0.0,50.0,0.1841522188550342,0.0
2025-06-11,54.09999847412109,0.012160855040292518,0.00016865079365079366,0.0,50.0,0.17692655458241197,0.0
2025-06-12,52.20000076293945,-0.03512010655768327,0.0001689682498810783,0.0,50.0,0.21342996479786316,0.0
2025-06-13,51.95000076293945,-0.004789271960652819,0.00016825395917135572,0.0,50.0,0.23118376394138795,0.0
2025-06-16,54.150001525878906,0.04234842599865574,0.00016857143432374985,0.0,50.0,0.17638743052205658,0.0
2025-06-17,54.0,-0.0027701112031772723,0.00016738094980754548,0.0,50.0,0.17563895880685393,0.0
2025-06-18,53.79999923706055,-0.003703717832212128,0.00016757936704726447,0.0,50.0,0.17900184010745798,0.0
2025-06-19,53.04999923706055,-0.01394052064378759,0.00016757936704726447,0.0,50.0,0.19458940811119688,0.0
2025-06-20,54.04999923706055,0.01885014164715404,0.00016646826078021336,0.0,50.0,0.18180040122100227,0.0
2025-06-23,54.84999847412109,0.014801096176741524,0.00016499999969724625,0.0,50.0,0.18737235675188765,0.0
2025-06-24,56.900001525878906,0.037374714836592604,0.00016595238731020973,0.0,50.0,0.20045259114461997,0.0
2025-06-25,56.650001525878906,-0.004393672992896058,0.0001661904842134506,0.0,50.0,0.18292253983009168,0.0
2025-06-26,56.900001525878906,0.004413062546623214,0.00016638888253106012,0.0,50.0,0.18818347943812228,0.0
2025-06-27,58.95000076293945,0.036028105133322,0.00016654762010725717,0.0,50.0,0.19641035831211062,0.0
2025-06-30,59.95000076293945,0.01696352819436564,0.0001662698435404944,0.0,50.0,0.21281893311459335,0.0
2025-07-02,60.150001525878906,0.003336126111662896,0.00016757936704726447,0.0,50.0,0.21021805746687805,0.0
2025-07-03,58.09999847412109,-0.03408151288035843,0.00016825395917135572,0.0,50.0,0.16575629530952227,0.0
2025-07-04,57.5,-0.010326996383456688,0.00016825395917135572,0.0,50.0,0.16750547850234454,0.0
2025-07-07,57.29999923706055,-0.003478274138077442,0.0001684523764110747,0.0,50.0,0.18541533860099452,0.0
2025-07-08,58.650001525878906,0.02356024968225845,0.00016865079365079366,0.0,50.0,0.1868701337380243,0.0
2025-07-09,57.400001525878906,-0.02131287242078661,0.0001684523764110747,0.0,50.0,0.18129154187108068,0.0
2025-07-10,56.900001525878906,-0.008710801162166715,0.00016825395917135572,0.0,50.0,0.18451246211514735,0.0
2025-07-11,57.34999847412109,0.007908557753509404,0.00016813492018079,0.0,50.0,0.1673364068023418,0.0
2025-07-14,57.29999923706055,-0.0008718263014968475,0.00016777778428698342,0.0,50.0,0.17383281117537122,0.0
2025-07-15,57.650001525878906,0.0061082424690850345,0.00016793650294107105,0.0,50.0,0.17130694339736202,0.0
2025-07-16,57.29999923706055,-0.006071158361743434,0.00016765872637430828,0.0,50.0,0.18196298575382258,0.0
2025-07-17,56.150001525878906,-0.020069768350674644,0.0001680555608537462,0.0,50.0,0.2269967825378072,0.0
2025-07-18,57.0,0.015137995565847717,0.00016785714361402723,0.0,50.0,0.18967114427155365,0.0
2025-07-21,57.75,0.013157894736842035,0.00016757936704726447,0.0,50.0,0.17376845059658616,0.0
2025-07-22,57.95000076293945,0.0034632166742762927,0.00016785714361402723,0.0,50.0,0.18218996999514767,0.0
2025-07-23,58.400001525878906,0.007765327989904813,0.00016825395917135572,0.0,50.0,0.1935855883857621,0.0
2025-07-24,58.45000076293945,0.0008561512971603236,0.0001684523764110747,0.0,50.0,0.20254420891871142,0.0
2025-07-25,57.400001525878906,-0.017964058568948782,0.0001684523764110747,0.0,50.0,0.21981777471250288,0.0
2025-07-28,56.79999923706055,-0.010453001269483342,0.0001680555608537462,0.0,50.0,0.24489646738536194,0.0
2025-07-29,55.29999923706055,-0.026408451058944515,0.00016785714361402723,0.0,50.0,0.32524911134134527,0.0
2025-07-30,54.75,-0.009945736792921211,0.00016793650294107105,0.0,50.0,0.3579984405402131,0.0
2025-07-31,53.150001525878906,-0.029223716422303037,0.0001680555608537462,0.0,50.0,0.45466315446623895,0.0
2025-08-01,53.400001525878906,0.004703668726674826,0.00016595238731020973,0.0,50.0,0.4276897571508108,0.0
2025-08-04,54.54999923706055,0.021535537047210118,0.00016480158245752731,0.0,50.0,0.31587912840428356,0.0
2025-08-05,54.29999923706055,-0.004582951484812359,0.00016468254346696157,0.0,50.0,0.338633461498564,0.0
2025-08-06,54.0,-0.005524847905629349,0.00016400793242076086,0.0,50.0,0.3620187416020299,0.0
2025-08-07,51.84999847412109,-0.039814843071831696,0.00016420634966047982,0.0,50.0,0.5015932611182312,0.0
2025-08-08,51.25,-0.011571812763322531,0.00016400793242076086,0.0,50.0,0.5295415781081882,0.0
2025-08-11,50.79999923706055,-0.008780502691501546,0.0001644047669001988,0.0,50.0,0.5476375934631575,0.0
2025-08-12,51.70000076293945,0.01771656573613334,0.00016388889343019517,0.0,50.0,0.48099007985142134,0.0
2025-08-13,53.25,0.029980642440756933,0.00016309524339342874,0.0,50.0,0.31454588050310517,0.0
2025-08-14,53.20000076293945,-0.000938952808648752,0.00016317460272047255,0.0,50.0,0.32655409852773204,0.0
2025-08-15,52.84999847412109,-0.006578990296973619,0.00016317460272047255,0.0,50.0,0.36381925712935503,0.0
2025-08-18,53.04999923706055,0.003784309720224366,0.0001636111168634324,0.0,50.0,0.34623678128648255,0.0
2025-08-19,52.400001525878906,-0.012252548926099838,0.00016309524339342874,0.0,50.0,0.4120437823899274,0.0
2025-08-20,52.54999923706055,0.002862551656750645,0.00016329364171103827,0.0,50.0,0.3926956610803993,0.0
2025-08-21,51.34999847412109,-0.022835409711921884,0.00016380951518104187,0.0,50.0,0.49843367835770586,0.0
2025-08-22,52.54999923706055,0.02336905157931457,0.00016222221510750907,0.0,50.0,0.37020669953640023,0.0
2025-08-25,53.5,0.01807803571326172,0.00016242063234722803,0.0,50.0,0.28045583484353437,0.0
2025-08-26,53.5,0.0,0.00016222221510750907,0.0,50.0,0.29894044484432797,0.0
2025-08-27,53.20000076293945,-0.005607462374963457,0.00016111110884045796,0.0,50.0,0.33423210523153957,0.0
2025-08-28,53.09999847412109,-0.0018797422440646194,0.00016158730264693972,0.0,50.0,0.3526708200729531,0.0
2025-08-29,52.84999847412109,-0.004708098063728627,0.00016043651671636674,0.0,50.0,0.38415650693138037,0.0
2025-09-01,54.0,0.021759726756511277,0.00016043651671636674,0.0,50.0,0.2824458830195069,0.0
2025-09-02,55.84999847412109,0.03425923100224226,0.0001600000025734069,0.0,50.0,0.19536665822260157,0.0
2025-09-03,54.70000076293945,-0.020590827978527182,0.00015944444943988135,0.0,50.0,0.22209916776321936,0.0
2025-09-04,53.45000076293945,-0.022851919242511287,0.00015865078994206018,0.0,50.0,0.33854955817587284,0.0
2025-09-05,53.650001525878906,0.0037418290006485666,0.00015515873356470987,0.0,50.0,0.3213976918562966,0.0
2025-09-08,54.75,0.020503232858073428,0.00015587301481337774,0.0,50.0,0.23279580973408232,0.0
2025-09-09,56.20000076293945,0.02648403219980744,0.00015646825707147993,0.0,50.0,0.1882683086424891,0.0
2025-09-10,54.95000076293945,-0.022241992580617542,0.00015595238360147627,0.0,50.0,0.22669556952354789,0.0
2025-09-11,54.650001525878906,-0.005459494684172617,0.00015587301481337774,0.0,50.0,0.2667101117263001,0.0
2025-09-12,55.150001525878906,0.009149130577118747,0.00015587301481337774,0.0,50.0,0.24077248463993817,0.0
2025-09-15,56.20000076293945,0.01903897022682477,0.00015476190854632666,0.0,50.0,0.20544888627415142,0.0
2025-09-16,56.45000076293945,0.004448398516123442,0.00015436508352794344,0.0,50.0,0.20443013231669263,0.0
2025-09-17,57.84999847412109,0.024800667710544344,0.00015349206470307848,0.0,50.0,0.19469550217545503,0.0
2025-09-18,56.84999847412109,-0.017286085157760978,0.00015396825850956023,0.0,50.0,0.19815735869108952,0.0
2025-09-19,56.70000076293945,-0.002638482237601325,0.00015388888972146168,0.0,50.0,0.21711190468779343,0.0
2025-09-22,56.09999847412109,-0.010582050806788423,0.00015269841466631208,0.0,50.0,0.2592939485837265,0.0
2025-09-23,55.45000076293945,-0.011586412279163905,0.00015257936621469165,0.0,50.0,0.3143196047071073,0.0
2025-09-24,56.900001525878906,0.026149697799618066,0.00015309523968469525,0.0,50.0,0.22771720454753666,0.0
2025-09-25,59.45000076293945,0.044815451119114114,0.00015408729750012595,0.0,50.0,0.19003764293584213,0.0
2025-09-26,54.650001525878906,-0.08074010387654729,0.0001531745990117391,0.0,50.0,0.36829196012024085,0.0
2025-09-29,53.54999923706055,-0.020128129151057106,0.00015329364746335952,0.0,50.0,0.45695021052982365,0.0
2025-09-30,54.0,0.008403375711498073,0.00015257936621469165,0.0,50.0,0.4043343815814379,0.0
2025-10-02,55.79999923706055,0.03333331920482485,0.00015269841466631208,0.0,50.0,0.23111263341178553,0.0
2025-10-03,55.0,-0.014336904085998858,0.00015309523968469525,0.0,50.0,0.3043558183420696,0.0
2025-10-06,53.84999847412109,-0.020909118652343905,0.0001531745990117391,0.0,50.0,0.4304510968288753,0.0
2025-10-08,53.84999847412109,0.0,0.00015249999742659312,0.0,50.0,0.4304294874094284,0.0
2025-10-09,53.34999847412109,-0.009285051330879535,0.00015289682244497632,0.0,50.0,0.48399386246375675,0.0
2025-10-10,52.04999923706055,-0.02436737158841984,0.00015289682244497632,0.0,50.0,0.5815313877406166,0.0
2025-10-13,49.08000183105469,-0.05706046973178758,0.00015289682244497632,0.0,50.0,0.6433804227894783,0.0
2025-10-14,48.619998931884766,-0.009372511858360633,0.00015289682244497632,0.0,50.0,0.6523149550069688,0.0
2025-10-15,49.47999954223633,0.017688207100876374,0.00015309523968469525,0.0,50.0,0.6527736583493192,0.0
2025-10-16,47.70000076293945,-0.03597410662418177,0.00015289682244497632,0.0,50.0,0.6693157546408405,0.0
2025-10-17,45.959999084472656,-0.036478022025917656,0.000152063492744688,0.0,50.0,0.6671176526306339,0.0
2025-10-20,47.13999938964844,0.025674506716307555,0.00015071428957439602,0.0,50.0,0.6881558524859833,0.0
2025-10-21,46.459999084472656,-0.014425123334327106,0.00015019841610439244,0.0,50.0,0.6930149962328802,0.0
2025-10-22,46.34000015258789,-0.0025828440432507094,0.00015031746455601282,0.0,50.0,0.7044319646095398,0.0
2025-10-23,46.7400016784668,0.008631884431631098,0.00015031746455601282,0.0,50.0,0.7195239645119493,0.0
2025-10-24,45.91999816894531,-0.017543934105147097,0.00014932539727952746,0.0,50.0,0.7212459471555444,0.0
2025-10-27,45.79999923706055,-0.002613217261971057,0.00014753967996627567,0.0,50.0,0.7176260907306833,0.0
2025-10-28,44.91999816894531,-0.019213997440488018,0.00014761904875437417,0.0,50.0,0.7164921226950112,0.0
2025-10-30,44.15999984741211,-0.016918930376506935,0.0001490873003762866,0.0,50.0,0.7110683078933524,0.0
2025-10-31,43.20000076293945,-0.02173910977784832,0.00014753967996627567,0.0,50.0,0.7090246575543652,0.0
2025-11-03,44.720001220703125,0.0351851951601736,0.00015011904731629386,0.0,50.0,0.7407833128047796,0.0
2025-11-04,43.41999816894531,-0.029069834889807078,0.0001505158723346771,0.0,50.0,0.7363232739303439,0.0
2025-11-05,43.31999969482422,-0.002303051090237318,0.00015031746455601282,0.0,50.0,0.742950679494972,0.0
2025-11-06,43.43999862670898,0.0027700584656074057,0.00014932539727952746,0.0,50.0,0.7557042499028903,0.0
2025-11-07,42.2400016784668,-0.02762424001331265,0.0001490873003762866,0.0,50.0,0.7436709587707215,0.0
2025-11-10,42.36000061035156,0.0028408836912034996,0.00015011904731629386,0.0,50.0,0.7582011016898875,0.0
2025-11-11,42.97999954223633,0.014636424054565556,0.00015011904731629386,0.0,50.0,0.7750206116090894,0.0
2025-11-12,43.70000076293945,0.01675200624410378,0.00014992063953762962,0.0,50.0,0.7749538218998454,0.0
2025-11-13,43.5,-0.004576676417568093,0.0001505158723346771,0.0,50.0,0.7752447210915515,0.0
2025-11-14,42.36000061035156,-0.02620688252065373,0.00015031746455601282,0.0,50.0,0.7789057543728627,0.0
2025-11-17,41.959999084472656,-0.009442906518305372,0.00014968254263438875,0.0,50.0,0.7759546156297056,0.0
2025-11-18,40.77999877929688,-0.028122028858967085,0.00014968254263438875,0.0,50.0,0.7545793468323964,0.0
2025-11-19,38.81999969482422,-0.04806275485882827,0.00014968254263438875,0.0,50.0,0.7069442321483252,0.0
2025-11-20,37.70000076293945,-0.0288510803887021,0.0001498015910860092,0.0,50.0,0.6899632070739181,0.0
2025-11-21,38.08000183105469,0.010079603724803876,0.0001484126987911406,0.0,50.0,0.7128887245337816,0.0
2025-11-24,38.65999984741211,0.015231039613144759,0.0001480158737727574,0.0,50.0,0.7398899880829092,0.0
2025-11-25,40.34000015258789,0.0434557763012573,0.00014809524256085592,0.0,50.0,0.7658601301329488,0.0
2025-11-26,40.09999847412109,-0.005949471431804354,0.00014892857226114425,0.0,50.0,0.7657485716913344,0.0
2025-11-27,41.09999847412109,0.024937656809272957,0.00014892857226114425,0.0,50.0,0.7504640774968916,0.0
2025-11-28,41.02000045776367,-0.0019464238279177648,0.00014670635026598736,0.0,50.0,0.7631915744749349,0.0
2025-12-01,40.29999923706055,-0.017552443019703934,0.000146547622150845,0.0,50.0,0.7783270608999038,0.0
2025-12-02,40.70000076293945,0.009925596363561606,0.00014571428298950194,0.0,50.0,0.7775956634207153,0.0
2025-12-03,40.220001220703125,-0.011793600325270881,0.00014424603136758957,0.0,50.0,0.7876905069174224,0.0
2025-12-04,41.97999954223633,0.04375928065927681,0.0001433333328792027,0.0,50.0,0.6977662138216955,0.0
2025-12-05,42.77999877929688,0.019056675697570524,0.0001429761875243414,0.0,50.0,0.6160026832126801,0.0
2025-12-08,42.58000183105469,-0.004675010611243424,0.0001435714297824436,0.0,50.0,0.6504001132010792,0.0
2025-12-09,41.2599983215332,-0.03100055079280839,0.0001441269829159691,0.0,50.0,0.767896735805552,0.0
2025-12-10,41.77999877929688,0.01260301693934629,0.00014257936250595819,0.0,50.0,0.740669470180233,0.0
2025-12-11,42.18000030517578,0.00957399563345862,0.00014158730469052754,0.0,50.0,0.7098703542818752,0.0
2025-12-12,42.959999084472656,0.018492147312790808,0.0001398809561653743,0.0,50.0,0.6237946664872241,0.0
2025-12-15,41.84000015258789,-0.026070739193511216,0.00014039682963537794,0.0,50.0,0.760005740875685,0.0
2025-12-16,40.900001525878906,-0.022466506292563748,0.00014067460620214068,0.0,50.0,0.802224363610216,0.0
2025-12-17,41.220001220703125,0.007823953126792516,0.00014059523741404215,0.0,50.0,0.7911053875534863,0.0
2025-12-18,40.20000076293945,-0.02474527965931661,0.00013976190771375384,0.0,50.0,0.8070242141635833,0.0
2025-12-19,40.540000915527344,0.008457715077989203,0.00013976190771375384,0.0,50.0,0.796951259356008,0.0
2025-12-22,39.79999923706055,-0.018253617704862113,0.0001400000046169947,0.0,50.0,0.8058648128410413,0.0
2025-12-23,39.20000076293945,-0.015075338834740326,0.0001407539655291845,0.0,50.0,0.804028519485589,0.0
2025-12-24,39.20000076293945,0.0,0.0001410714312205239,0.0,50.0,0.8119199920061281,0.0
2025-12-29,38.58000183105469,-0.015816298974946075,0.00014039682963537794,0.0,50.0,0.7993418097341987,0.0
2025-12-30,39.36000061035156,0.020217696793083606,0.00014047618896242175,0.0,50.0,0.8248697416104174,0.0
2025-12-31,39.20000076293945,-0.004065036710645509,0.0001407539655291845,0.0,50.0,0.8273164555498391,0.0
2026-01-02,40.27999877929688,0.02755096926881917,0.00014019841239565892,0.0,0.0,0.8895469188540088,1.0
2026-01-05,39.34000015258789,-0.02333661010913768,0.00013948413114699108,1.0,0.0,0.931630995442169,1.0
2026-01-06,38.7599983215332,-0.014743310340748272,0.0001396825389256553,1.0,0.0,0.9284432224043986,1.0
2026-01-07,38.15999984741211,-0.015479837463970303,0.00013948413114699108,1.0,0.0,0.9142294092101347,1.0
2026-01-08,38.02000045776367,-0.003668747122857585,0.00013916666545565166,1.0,0.0,0.9138285006201657,1.0
2026-01-09,37.81999969482422,-0.005260409272262678,0.00013940476235889252,1.0,0.0,0.9077905508224866,1.0
2026-01-12,38.7400016784668,0.024325806215394596,0.00014019841239565892,1.0,0.0,0.9193161108252967,1.0
2026-01-13,37.97999954223633,-0.019618020219470123,0.00014126983899918815,1.0,0.0,0.922332333035481,1.0
2026-01-14,37.77999877929688,-0.005265949587941243,0.00014126983899918815,1.0,0.0,0.9127743055228376,1.0
2026-01-15,37.86000061035156,0.0021175710333405373,0.0001414682562389071,1.0,0.0,0.9157505102629659,1.0
2026-01-16,37.09999847412109,-0.020074012783366846,0.00014115079054756772,1.0,0.0,0.903155600786067,1.0
2026-01-19,36.47999954223633,-0.01671156219365444,0.00014115079054756772,1.0,0.0,0.8915130904702917,1.0
2026-01-20,35.47999954223633,-0.027412281045733233,0.00014174603280566988,1.0,0.0,0.8615215089007277,1.0
2026-01-21,35.41999816894531,-0.0016911323017236857,0.00014238095472729397,1.0,0.0,0.8667079303173696,1.0
2026-01-22,35.2400016784668,-0.005081775826751178,0.00014238095472729397,1.0,0.0,0.8668522525167754,1.0
2026-01-23,36.2400016784668,0.02837684314331468,0.00014214285782405308,1.0,0.0,0.9071897153177668,1.0
2026-01-26,35.220001220703125,-0.02814570669210925,0.0001418650812572903,1.0,0.0,0.8905331123769125,1.0
2026-01-27,35.560001373291016,0.009653609903568894,0.00014166666401757135,1.0,0.0,0.9072621150441421,1.0
2026-01-28,36.31999969482422,0.02137228043258843,0.00014214285782405308,1.0,0.0,0.9099511115328197,1.0
2026-01-29,36.619998931884766,0.008259890957633909,0.00014206348903595455,1.0,0.0,0.9002522734599083,1.0
2026-01-30,35.5,-0.03058435184468533,0.00014174603280566988,1.0,0.0,0.9183745592566289,1.0
2026-02-02,35.060001373291016,-0.012394327512929126,0.00014198412970891077,1.0,0.0,0.908673873256841,1.0
2026-02-03,34.599998474121094,-0.01312044726616457,0.00014246031405433778,1.0,0.0,0.899488289899896,1.0
2026-02-04,33.959999084472656,-0.018497093002102893,0.0001426587312940567,1.0,0.0,0.8828838539224134,1.0
2026-02-05,34.91999816894531,0.02826852503984867,0.00014198412970891077,1.0,0.0,0.9156889675110649,1.0
2026-02-06,35.18000030517578,0.007445651485219473,0.00014246031405433778,1.0,0.0,0.9121106824496648,1.0
2026-02-09,35.20000076293945,0.0005685178394023715,0.00014257936250595819,1.0,0.0,0.9122636724300245,1.0
2026-02-10,35.58000183105469,0.0107954846556515,0.00014246031405433778,1.0,0.0,0.9017537388961294,1.0
2026-02-11,37.09999847412109,0.04272053301975176,0.00014285713907272098,1.0,0.0,0.7673343680394509,1.0
2026-02-12,36.52000045776367,-0.01563337035611978,0.00014277777974567717,1.0,0.0,0.8570596367810672,1.0
2026-02-13,36.84000015258789,0.008762313549100398,0.00014257936250595819,1.0,0.0,0.8224310263990111,1.0
2026-02-16,36.5,-0.00922910290932799,0.00014257936250595819,1.0,0.0,0.8665925324516474,1.0
2026-02-20,35.36000061035156,-0.031232859990368178,0.0001426587312940567,1.0,0.0,0.9368475105962611,1.0
2026-02-23,36.560001373291016,0.03393667257426891,0.00014238095472729397,1.0,0.0,0.8722019809943388,1.0
2026-02-24,35.7400016784668,-0.022428874836511126,0.00014238095472729397,1.0,0.0,0.934539046693263,1.0
2026-02-25,35.599998474121094,-0.003917269103824728,0.00014238095472729397,1.0,0.0,0.9354082922433299,1.0
2026-02-26,35.18000030517578,-0.011797701880538636,0.00014238095472729397,1.0,0.0,0.9315768536317618,1.0
2026-02-27,34.900001525878906,-0.007959032884251593,0.00014198412970891077,1.0,0.0,0.9295223945549389,1.0
2026-03-02,33.13999938964844,-0.05042985843210923,0.00014246031405433778,1.0,0.0,0.8827601657609975,1.0
2026-03-03,31.57999992370605,-0.0470730082882761,0.0001426587312940567,1.0,0.0,0.8248167541188776,1.0
2026-03-04,32.0,0.013299559129468896,0.0001426587312940567,1.0,0.0,0.8620338234265115,1.0
2026-03-05,32.20000076293945,0.00625002384185791,0.00014238095472729397,1.0,0.0,0.8759279061654478,1.0
2026-03-06,33.41999816894531,0.03788811730122732,0.00014166666401757135,1.0,0.0,0.9188057790727483,1.0
2026-03-09,33.68000030517578,0.007779836938233808,0.00014257936250595819,1.0,0.0,0.9287364847331336,1.0
2026-03-10,33.619998931884766,-0.001781513442617011,0.0001426587312940567,1.0,0.0,0.9279115324287794,1.0
2026-03-11,33.34000015258789,-0.008328339922442085,0.00014285713907272098,1.0,0.0,0.9256293531304142,1.0
2026-03-12,33.29999923706055,-0.001199787502827565,0.00014305555631243994,1.0,0.0,0.9253750398172692,1.0
2026-03-13,33.31999969482422,0.0006006143610182146,0.0001429761875243414,1.0,0.0,0.9283151569534963,1.0
2026-03-16,35.20000076293945,0.056422601600661704,0.00014305555631243994,1.0,0.0,0.7786467376993326,1.0
2026-03-17,35.36000061035156,0.004545450112051208,0.00014305555631243994,1.0,0.0,0.7741035173707934,1.0
2026-03-18,35.13999938964844,-0.0062217538717666,0.00014325396409110418,1.0,0.0,0.8265154525412473,1.0
2026-03-19,36.31999969482422,0.03357997511870714,0.0001433333328792027,1.0,0.0,0.6451207225787898,1.0
2026-03-20,33.20000076293945,-0.08590305501377471,0.0001435714297824436,1.0,0.0,0.9114946445658364,1.0
2026-03-23,32.060001373291016,-0.03433733022443175,0.0001433333328792027,1.0,0.0,0.8853049481241446,1.0
2026-03-24,32.68000030517578,0.019338705718249916,0.00014365078910948738,1.0,0.0,0.9188500016004395,1.0
2026-03-25,32.52000045776367,-0.0048959561174413135,0.00014365078910948738,1.0,0.0,0.9195972633767451,1.0
2026-03-26,32.439998626708984,-0.002460080871111714,0.00014365078910948738,1.0,0.0,0.9183055416131933,1.0
2026-03-27,33.0,0.01726268178168011,0.00014313492510053847,1.0,0.0,0.9278531617216668,1.0
2026-03-30,32.380001068115234,-0.018787846420750487,0.00014277777974567717,1.0,0.0,0.9313109375803138,1.0
2026-03-31,31.76000022888184,-0.019147647275525093,0.00014285713907272098,1.0,0.0,0.9179209375848413,1.0
2026-04-01,32.02000045776367,0.008186405132497354,0.00014305555631243994,1.0,0.0,0.931224790276634,1.0
2026-04-02,30.8799991607666,-0.03560278827918195,0.00014313492510053847,1.0,0.0,0.8933509211037096,1.0
2026-04-08,32.7599983215332,0.060880803492869395,0.00014285713907272098,1.0,0.0,0.9007548060670588,1.0
2026-04-09,31.36000061035156,-0.04273497505832968,0.00014238095472729397,1.0,0.0,0.9168091460569051,1.0
2026-04-10,30.89999961853028,-0.014668398688405526,0.00014257936250595819,1.0,0.0,0.9037499790040953,1.0
2026-04-13,30.65999984741211,-0.007766982979968917,0.0001429761875243414,1.0,0.0,0.9097787825940143,1.0
2026-04-14,30.8799991607666,0.007175450569125275,0.0001433333328792027,1.0,0.0,0.9269294958465342,1.0
2026-04-15,30.89999961853028,0.0006476832353379258,0.0001433333328792027,1.0,0.0,0.9333927100336884,1.0
2026-04-16,32.060001373291016,0.03754051032625583,0.00014325396409110418,1.0,0.0,0.9076934213454629,1.0
2026-04-17,32.0,-0.0018715337093216933,0.00014285713907272098,1.0,0.0,0.9133135091084805,1.0
2026-04-20,32.31999969482422,0.009999990463256836,0.00014277777974567717,1.0,0.0,0.8942173370444384,1.0
2026-04-21,32.400001525878906,0.0024753042020448923,0.00014277777974567717,1.0,0.0,0.890488755679292,1.0
2026-04-22,31.799999237060547,-0.01851858828892705,0.0001426587312940567,1.0,0.0,0.9433600669120595,1.0
2026-04-23,31.18000030517578,-0.019496822225146593,0.0001426587312940567,1.0,0.0,0.9535061485108778,1.0
2026-04-24,31.200000762939453,0.0006414514935189075,0.00014257936250595819,1.0,0.0,0.9525661423047438,1.0
2026-04-27,31.100000381469727,-0.00320514035334607,0.00014246031405433778,1.0,0.0,0.9489076157102513,1.0
2026-04-28,29.920000076293945,-0.03794213153382653,0.00014246031405433778,1.0,0.0,0.922977285874371,1.0
2026-04-29,30.13999938964844,0.007352918208339387,0.00014246031405433778,1.0,0.0,0.9385435221598707,1.0
2026-04-30,29.020000457763672,-0.037159885685645766,0.0001422619062756735,1.0,0.0,0.8919043028211056,1.0
2026-05-04,30.979999542236328,0.06753959522934116,0.00014246031405433778,1.0,0.0,0.921064565489368,1.0
2026-05-05,30.459999084472656,-0.016785037619343246,0.00014285713907272098,1.0,0.0,0.9425470538557922,1.0
2026-05-06,30.81999969482422,0.011818799119238221,0.00014285713907272098,1.0,0.0,0.9328204778756973,1.0
2026-05-07,31.1200008392334,0.009733976229064023,0.00014277777974567717,1.0,0.0,0.9161291712021726,1.0
2026-05-08,31.68000030517578,0.01799484096531212,0.0001426587312940567,1.0,0.0,0.8522904139728844,1.0
2026-05-11,31.700000762939453,0.0006313275748424108,0.00014285713907272098,1.0,0.0,0.8559584851180052,1.0
2026-05-12,31.459999084472656,-0.007571030684244806,0.0001429761875243414,1.0,0.0,0.9080449809342953,1.0
2026-05-13,31.799999237060547,0.010807379608466006,0.00014285713907272098,1.0,0.0,0.8659085959869429,1.0
2026-05-14,31.71999931335449,-0.0025157209316163387,0.00014238095472729397,1.0,0.0,0.8931120220955734,1.0
2026-05-15,30.700000762939453,-0.03215632321863271,0.00014238095472729397,1.0,0.0,0.9619066588262352,1.0
2026-05-18,30.65999984741211,-0.0013029613854482758,0.00014158730469052754,1.0,0.0,0.9625622274962129,1.0
2026-05-19,30.63999938964844,-0.0006523306543771978,0.0001418650812572903,1.0,0.0,0.9593975731521419,1.0
2026-05-20,30.13999938964844,-0.016318538184074582,0.00014115079054756772,1.0,0.0,0.9570081005142476,1.0
2026-05-21,29.65999984741211,-0.0159256652938482,0.00014214285782405308,1.0,0.0,0.9419383225688474,1.0
2026-05-22,30.0,0.011463255372118786,0.0001422619062756735,1.0,0.0,0.9540190425129749,1.0
2026-05-26,29.76000022888184,-0.007999992370605336,0.00014214285782405308,1.0,0.0,0.9470396655837894,1.0
2026-05-27,28.39999961853028,-0.04569894488884074,0.0001422619062756735,1.0,0.0,0.8941116149614396,1.0
2026-05-28,28.559999465942383,0.005633797519761563,0.00014246031405433778,1.0,0.0,0.9189168306655445,1.0
2026-05-29,28.040000915527344,-0.018207232497855386,0.00014238095472729397,1.0,0.0,0.8985172358536777,1.0
2026-06-01,28.71999931335449,0.024251011969496528,0.00014365078910948738,1.0,0.0,0.9413614303548413,1.0
2026-06-02,29.6200008392334,0.031337101232464804,0.0001435714297824436,1.0,0.0,0.9338622271099045,1.0
2026-06-03,28.57999992370605,-0.03511144112291198,0.00014376983756110782,1.0,0.0,0.9442955735925941,1.0
2026-06-04,28.3799991607666,-0.006997927343364241,0.00014365078910948738,1.0,0.0,0.9415283975690444,1.0
2026-06-05,27.799999237060547,-0.020436925329718303,0.00014384920634920634,1.0,0.0,0.9175316800423482,1.0
2026-06-08,27.3799991607666,-0.015107916828070889,0.0001439682548008268,1.0,0.0,0.9028119851370021,1.0
2026-06-09,27.200000762939453,-0.0065740833946069666,0.00014424603136758957,1.0,0.0,0.9017849273486573,1.0
2026-06-10,26.31999969482422,-0.032352979537936366,0.00014424603136758957,1.0,0.0,0.8646370321473578,1.0
2026-06-11,25.84000015258789,-0.018237064886088117,0.00014376983756110782,1.0,0.0,0.8503855345997695,1.0
2026-06-12,26.200000762939453,0.013931912083038789,0.0001435714297824436,1.0,0.0,0.8819144010367965,1.0
2026-06-15,26.26000022888184,0.002290055885313391,0.0001435714297824436,1.0,0.0,0.8877077790020579,1.0
2026-06-16,25.65999984741211,-0.022848453017522252,0.0001440476235889253,1.0,0.0,0.8643273428004301,1.0
2026-06-17,25.420000076293945,-0.009353069857573226,0.0001447222251740713,1.0,0.0,0.8616250809647571,1.0
2026-06-18,24.57999992370605,-0.033044852480990206,0.00014515872985597643,1.0,0.0,0.8300924809360937,1.0
2026-06-22,23.71999931335449,-0.03498781989507416,0.00014603174868084136,1.0,0.0,0.7999157629554587,1.0
2026-06-23,22.6200008392334,-0.046374304635910524,0.00014642857369922456,1.0,0.0,0.763845790474109,1.0
2026-06-24,22.959999084472656,0.015030867932133152,0.00014642857369922456,1.0,0.0,0.7986229203699582,1.0
2026-06-25,22.299999237060547,-0.028745639099718168,0.00014603174868084136,1.0,0.0,0.7820936273066689,1.0
2026-06-26,21.420000076293945,-0.039461847124376725,0.00014535714709569536,1.0,0.0,0.7569122767033908,1.0
2026-06-29,21.86000061035156,0.02054157481281127,0.00014603174868084136,1.0,0.0,0.7908992376692107,1.0
2026-06-30,21.63999938964844,-0.010064099476691624,0.00014809524256085592,1.0,0.0,0.7915932519422023,1.0
2026-07-02,22.600000381469727,0.04436233913576282,0.00014555555487435963,1.0,0.0,0.8423706748542066,1.0
2026-07-03,22.959999084472656,0.015929145881701023,0.00014555555487435963,1.0,0.0,0.8514205108902926,1.0
2026-07-06,23.280000686645508,0.013937352566762984,0.00014642857369922456,1.0,0.0,0.8595591301825706,1.0
2026-07-07,23.100000381469727,-0.007731971643756719,0.0001478174565330384,1.0,0.0,0.8555145113975694,1.0
2026-07-08,25.299999237060547,0.0952380441238263,0.00014773809720599465,1.0,0.0,0.6919010905490421,1.0
2026-07-09,25.0,-0.011857677711748504,0.00014611110800788514,1.0,0.0,0.7530256546353999,1.0
2026-07-10,25.84000015258789,0.033600006103515545,0.0001466269814778888,1.0,0.0,0.6609743220991592,1.0
2026-07-13,25.84000015258789,0.0,0.00014793650498465887,1.0,0.0,0.6958883762409452,1.0
2026-07-14,26.040000915527344,0.007739967560310701,0.00014682539871760776,1.0,0.0,0.6910117821894793,1.0
2026-07-15,25.86000061035156,-0.006912453872782054,0.00014634920491112604,1.0,0.0,0.7496757936354534,1.0
2026-07-16,27.5,0.06341838170691938,0.00014670635026598736,1.0,0.0,0.4984276299544232,0.0
2026-07-17,26.8799991607666,-0.022545485063032666,0.00014710317528437056,1.0,0.0,0.6283216481921834,1.0
2026-07-20,27.739999771118164,0.03199407132448129,0.00014702380649627203,1.0,0.0,0.5086499157430315,1.0
2026-07-21,27.420000076293945,-0.011535677630300167,0.0001480158737727574,1.0,0.0,0.6016719779400257,1.0
2026-07-22,26.68000030517578,-0.026987591869408245,0.00014861110656980484,1.0,0.0,0.7788179403426501,1.0
2026-07-23,27.13999938964844,0.017241344798014202,0.00015079364890143983,1.0,0.0,0.7032917457731451,1.0
2026-07-24,26.71999931335449,-0.015475316350012425,0.00015099206614115881,1.0,0.0,0.8159493624019567,1.0
2026-07-27,28.68000030517578,0.07335333241725417,0.00015067460044981942,1.0,0.0,0.43124393983830156,0.0
2026-07-28,29.26000022888184,0.020223149146947117,0.000149206348827907,1.0,0.0,0.3805695498711985,0.0
2026-07-29,31.8799991607666,0.08954199970574939,0.00014515872985597643,0.0,0.0,0.29177705657889763,0.0
2026-07-30,31.040000915527344,-0.02634875368105427,0.0001458333314411224,0.0,0.0,0.28220720137734856,0.0
2026-07-31,28.780000686645508,-0.07280928357677019,0.00014611110800788514,0.0,0.0,0.540314988609591,1.0
2026-08-03,27.959999084472656,-0.028492063329009887,0.00014682539871760776,1.0,0.0,0.723176760198468,1.0
2026-08-04,27.959999084472656,0.0,0.0001480158737727574,1.0,0.0,0.7416322376376006,1.0
2026-08-05,27.63999938964844,-0.011444910776192585,0.0001478174565330384,1.0,0.0,0.814699952061195,1.0
